date,time,fix,quality,lat,long,speed(k),angle,elev,sats,pyron,weight
date,time,fix,quality,lat,long,speed(k),angle,elev,sats,pyron,weight
,,,,,,,,,,,
10/8/18,16:59:16,1,0,45.106372833,-123.284782409,1.86,279.92,0,0,1323,1119.85
10/8/18,16:59:18,1,1,45.106372833,-123.284782409,1.86,279.92,64.7,9,1230,0.54
112,,,,,,,,,,,
10/8/18,16:59:24,1,1,45.106330871,-123.284866333,1.69,279.69,64.5,10,1216,9.29
,,,,,,,,,,,
10/8/18,16:59:30,1,1,45.106323242,-123.284881591,0.09,77.2,64.3,10,1216,1212.76
10/8/18,16:59:36,1,1,45.106323242,-123.284881591,0.02,304.94,64.5,11,1201,1214.99
10/8/18,16:59:42,1,1,45.106323242,-123.284881591,0.01,245.59,64.5,11,1210,1214.84
10/8/18,16:59:48,1,1,45.106323242,-123.284881591,0.02,126.11,64.5,11,1210,1215.84
10/8/18,16:59:54,1,1,45.106323242,-123.284881591,0.01,323.16,64.4,11,1191,1214.934
10/8/18,17:0:0,1,1,45.106323242,-123.284881591,0.01,89.88,64.4,11,1210,1212.07
10/8/18,17:0:6,1,1,45.106323242,-123.284881591,0.02,86.37,64.4,11,1201,1213.16
10/8/18,17:0:12,1,1,45.106323242,-123.284881591,0.03,244.7,64.4,11,1211,1
1212,,,,,,,,,,,
10/8/18,17:0:18,1,1,45.106323242,-123.284881591,0.04,175.69,64.4,11,1216,1210.31
10/8/18,17:0:24,1,2,45.106323242,-123.284881591,0.08,262.22,64.4,10,1201,1201.53
10/8/18,17:0:30,1,2,45.106323242,-123.284881591,0.05,304.31,64.4,11,1221,1211.15
10/8/18,17:0:36,1,2,45.106323242,-123.28489685,0.02,32.69,64.3,11,1216,1208.34
10/8/18,17:0:42,1,2,45.106323242,-123.28489685,0.03,358.76,63.5,11,1201,1210.94
10/8/18,17:0:48,1,2,45.106330871,-123.28489685,0.01,123.12,63.1,11,1211,1219.94
10/8/18,17:0:54,1,2,45.106330871,-123.28489685,0.02,232.17,62.6,11,1206,1221.50
10/8/18,17:1:0,1,2,45.106330871,-123.28489685,0.02,71.9,62.1,11,1216,1221.382
10/8/18,17:1:6,1,2,45.106330871,-123.28489685,0,283.18,62.1,11,1231,1220.96.
10/8/18,17:1:12,1,2,45.106330871,-123.28489685,0.01,350.16,62,11,1192,1221.12
10/8/18,17:1:18,1,2,45.106330871,-123.28489685,0,121.2,62,11,1201,1219.65
10/8/18,17:1:24,1,2,45.106330871,-123.28489685,0,122.45,62,11,1216,6
1220,,,,,,,,,,,
10/8/18,17:1:30,1,2,45.106330871,-123.28489685,0.01,178.15,62,11,1216,1220.12
10/8/18,17:1:36,1,2,45.106330871,-123.28489685,0.01,189.59,62,11,1216,1219.20
10/8/18,17:1:42,1,2,45.106330871,-123.28489685,0.02,154.77,62,11,1216,1217.780
10/8/18,17:1:48,1,2,45.106330871,-123.28489685,0.01,338.18,62,11,1211,1216.65
10/8/18,17:1:54,1,2,45.106330871,-123.28489685,0.01,357.07,62,11,1206,1215.38
10/8/18,17:2:0,1,2,45.106330871,-123.28489685,0.01,140.99,62,11,1216,1216.13
10/8/18,17:2:6,1,2,45.106330871,-123.28489685,0.02,344.33,62,11,1211,1225.42
10/8/18,17:2:12,1,2,45.106330871,-123.28489685,0.01,217.42,62,11,1201,1216.18
10/8/18,17:2:18,1,2,45.106330871,-123.28489685,0.01,322.12,62,11,1206,1214.49
10/8/18,17:2:24,1,2,45.106330871,-123.28489685,0.03,108.86,62,11,1211,1220.70
10/8/18,17:2:30,1,2,45.106330871,-123.28489685,0.22,96.1,62,10,1206,1209.08
10/8/18,17:2:36,1,2,45.1063385,-123.284912109,1.38,310.62,61.9,11,1201,1331.80
10/8/18,17:2:42,1,2,45.106372833,-123.284927368,1.27,5.95,61.8,11,1211,1312.46
10/8/18,17:2:48,1,2,45.10641098,-123.284927368,1.33,37.85,61.2,11,1201,1203.74
10/8/18,17:2:54,1,2,45.106430053,-123.28489685,1.57,90.87,61.1,11,1216,1280.60
10/8/18,17:3:0,1,2,45.106437683,-123.284866333,0.18,70.03,61.2,10,1216,319.67
,,,,,,,,,,,
10/8/18,17:3:6,1,2,45.106445312,-123.284866333,0.05,48.42,60.7,9,1186,1263.70
10/8/18,17:3:12,1,2,45.106445312,-123.284866333,0.67,81.31,60.7,9,1221,1255.56
10/8/18,17:3:18,1,2,45.106452941,-123.284812927,1.73,84.28,61.3,9,1186,
�������,,,,,,,,,,,
10/8/18,17:3:24,1,2,45.106460571,-123.28476715,1.59,82.37,62.2,9,1201,1270.93
10/8/18,17:3:30,1,2,45.106460571,-123.284698486,1.67,85.66,62.8,9,1220,1327.14
10/8/18,17:3:36,1,2,45.1064682,-123.284637451,1.5,83.26,63.8,9,1192,1355.48
10/8/18,17:3:42,1,2,45.106460571,-123.284568786,1.73,98,64.4,8,1206,1406.7
10/8/18,17:3:48,1,2,45.1064682,-123.284492492,1.42,92.89,64.6,9,1211,1419.45
10/8/18,17:3:54,1,2,45.1064682,-123.284423828,1.6,88.68,65,8,1216,1451.74
10/8/18,17:4:0,1,2,45.106460571,-123.284378051,1.29,93.13,65.3,9,1216,1486.80
10/8/18,17:4:6,1,2,45.106452941,-123.284355163,0.01,159.49,65.1,10,1211,26
155,,,,,,,,,,,
10/8/18,17:4:12,1,2,45.106452941,-123.284324645,1.53,90.44,64.8,9,1216,8.66
1,,,,,,,,,,,
10/8/18,17:4:18,1,2,45.106460571,-123.284248352,1.65,86.55,64.5,9,1216,1614.71
10/8/18,17:4:24,1,2,45.106460571,-123.284194946,1.43,87.36,64.6,9,1211,6.42
1,,,,,,,,,,,
10/8/18,17:4:30,1,2,45.106460571,-123.284111022,1.47,86.59,64.7,9,1216,1701.17
10/8/18,17:4:36,1,2,45.106460571,-123.284049987,1.56,85.31,64.8,10,1211,1756.90
10/8/18,17:4:42,1,2,45.106460571,-123.283981323,1.43,91.23,64.9,9,1206,1837.89
10/8/18,17:4:48,1,2,45.106460571,-123.283920288,1.63,81.05,65,9,1221,1856.68
10/8/18,17:4:54,1,2,45.106460571,-123.283851623,1.64,77.71,65.9,9,1211,1933.32
10/8/18,17:5:0,1,2,45.106460571,-123.283790588,1.64,95.43,66.4,10,1216,1943.65
10/8/18,17:5:6,1,2,45.106452941,-123.283721923,1.66,93.15,66.8,10,1211,1997.75
10/8/18,17:5:12,1,2,45.106452941,-123.283645629,1.65,87.04,66.8,9,1211,2053.06
10/8/18,17:5:18,1,2,45.106452941,-123.283576965,1.58,93.5,66.4,9,1201,2128.033
10/8/18,17:5:24,1,2,45.106445312,-123.28351593,1.55,88.78,66.4,10,1186,2149.69
10/8/18,17:5:30,1,2,45.106445312,-123.283447265,1.56,87.84,66.7,9,1216,2221.98
10/8/18,17:5:36,1,2,45.106445312,-123.283378601,1.37,83.24,67,9,1196,2268.82
10/8/18,17:5:42,1,2,45.106445312,-123.283317565,1.84,84.93,67.3,9,1211,2334.89
10/8/18,17:5:48,1,2,45.106445312,-123.283248901,1.64,92.54,67.8,9,1201,2380.72
10/8/18,17:5:54,1,2,45.106452941,-123.283187866,1.55,82.43,68.4,9,1216,2431.96
10/8/18,17:6:0,1,2,45.106452941,-123.283119201,1.56,90.23,68.5,9,1211,2470.62
10/8/18,17:6:6,1,2,45.106460571,-123.283058166,1.65,76.66,68.4,9,1211,2534.04
10/8/18,17:6:12,1,2,45.106452941,-123.282974243,1.58,80.39,68.1,9,1196,2584.48
10/8/18,17:6:18,1,2,45.106452941,-123.282913208,1.7,91.52,68,9,1201,2597.34
10/8/18,17:6:24,1,2,45.106452941,-123.282844543,1.67,90.82,67.5,9,1220,2673.22
10/8/18,17:6:30,1,2,45.106445312,-123.282783508,1.77,88.79,65.6,9,1186,2662.526
10/8/18,17:6:36,1,2,45.106445312,-123.282714843,1.58,94.08,64.9,10,1206,2685.41
10/8/18,17:6:42,1,2,45.106437683,-123.282646179,1.72,90.87,64.5,9,1201,2705.3
,,,,,,,,,,,
10/8/18,17:6:48,1,2,45.106445312,-123.282585144,1.7,87.21,63.7,9,1201,2765.44
10/8/18,17:6:54,1,2,45.106445312,-123.28250122,1.72,88.8,63.5,10,1201,2810.63
10/8/18,17:7:0,1,2,45.106437683,-123.282440185,1.66,89.19,62.8,9,1196,2839.10
10/8/18,17:7:6,1,2,45.106437683,-123.28237152,1.78,84.6,62.1,9,1206,2884.50
10/8/18,17:7:12,1,2,45.106437683,-123.282310485,1.68,85.79,61.9,9,1206,2932.39
10/8/18,17:7:18,1,2,45.106437683,-123.282241821,1.72,89.71,61.6,10,1211,2951.18
10/8/18,17:7:24,1,2,45.106437683,-123.282157897,1.71,89.61,61.1,9,1201,2952.80.
10/8/18,17:7:30,1,2,45.106430053,-123.282096862,1.67,90.75,60.1,10,1206,3018.48
10/8/18,17:7:36,1,2,45.106430053,-123.282028198,1.7,92.23,59.8,9,1211,2986.34
10/8/18,17:7:42,1,2,45.106430053,-123.281967163,1.66,86.13,59.5,9,1201,3038.48
10/8/18,17:7:48,1,2,45.106430053,-123.281898498,1.65,91.44,59.1,10,1206,52
309,,,,,,,,,,,
10/8/18,17:7:54,1,2,45.106430053,-123.281837463,1.66,84.73,59.6,9,1186,3073.14
10/8/18,17:8:0,1,2,45.106437683,-123.281768798,1.68,82.48,60,9,1206,3145.39
10/8/18,17:8:6,1,2,45.106437683,-123.281707763,1.66,86.66,60.4,10,1206,3160.45
10/8/18,17:8:12,1,2,45.106437683,-123.281639099,1.5,87.49,60.4,10,1211,3225.10
10/8/18,17:8:18,1,2,45.106437683,-123.281608581,0.04,85.61,60.4,10,1220,3255.48
10/8/18,17:8:24,1,2,45.106437683,-123.281578063,1.44,80.87,60.9,9,1211,3237.68
10/8/18,17:8:30,1,2,45.106437683,-123.281509399,1.56,87.98,60.9,9,1211,3330.82
10/8/18,17:8:36,1,2,45.106437683,-123.281448364,1.66,80.75,60.9,9,1220,3335.24
10/8/18,17:8:42,1,2,45.106430053,-123.281379699,1.62,91.08,61.1,10,1206,3351.80
10/8/18,17:8:48,1,2,45.106430053,-123.281318664,1.6,90.07,61.3,9,1206,1.82
3,,,,,,,,,,,
10/8/18,17:8:54,1,2,45.106437683,-123.28125,1.65,84.26,61.1,9,1216,3410.58
10/8/18,17:9:0,1,2,45.106430053,-123.281166076,1.68,88,61,9,1211,3347.03
10/8/18,17:9:6,1,2,45.106430053,-123.281105041,1.72,88.63,60.8,10,1211,2638.40
10/8/18,17:9:12,1,2,45.106437683,-123.281036376,1.68,87.82,60.7,10,1211,2405.54
10/8/18,17:9:18,1,2,45.106437683,-123.280975341,1.55,86.03,60.1,9,1201,2164.28
10/8/18,17:9:24,1,2,45.106430053,-123.280891418,1.67,86.31,59.9,10,1206,0.55
18,,,,,,,,,,,
10/8/18,17:9:30,1,2,45.106430053,-123.280830383,1.64,89.45,59.7,10,1201,1607.74
10/8/18,17:9:36,1,2,45.106437683,-123.280761718,1.62,93.69,59.7,9,1216,1663.84
10/8/18,17:9:42,1,2,45.106437683,-123.280693054,1.71,93.47,59.8,10,1206,1681.03
10/8/18,17:9:48,1,2,45.106445312,-123.280647277,1.71,85.93,59.6,10,1211,1678.84
10/8/18,17:9:54,1,2,45.106445312,-123.280586242,1.64,82.24,59.7,9,1201,1727.320
10/8/18,17:10:0,1,2,45.106437683,-123.280517578,1.67,87.81,59.9,10,1201,1732.96
10/8/18,17:10:6,1,2,45.106437683,-123.280471801,0.78,80.68,59.7,10,1211,1845.04
10/8/18,17:10:12,1,2,45.106437683,-123.280471801,0.25,93.64,59.5,9,1201,1757.36.
10/8/18,17:10:18,1,2,45.106430053,-123.280403137,1.68,96.64,59.4,9,1220,1767.14
10/8/18,17:10:24,1,2,45.106430053,-123.280372619,0.02,36.97,59.3,10,1211,1860.39
10/8/18,17:10:30,1,2,45.106422424,-123.280319213,1.75,89.76,59.1,10,1206,791.35
,,,,,,,,,,,
10/8/18,17:10:36,1,2,45.106422424,-123.280258178,1.75,90.28,59.2,10,1196,1846.6
,,,,,,,,,,,
10/8/18,17:10:42,1,2,45.106422424,-123.280189514,1.72,87.26,59.4,10,1206,1863.13
10/8/18,17:10:48,1,2,45.106422424,-123.28011322,1.73,86.45,59.4,9,1186,1913.18
10/8/18,17:10:54,1,2,45.106422424,-123.280044555,1.66,89.85,59.4,10,1206,1950.33
10/8/18,17:11:0,1,2,45.106422424,-123.27998352,0.83,83.39,59.5,10,1201,2039.88
10/8/18,17:11:6,1,2,45.10641098,-123.27998352,0.02,288.64,59,9,1211,2004.64
10/8/18,17:11:12,1,2,45.10641098,-123.279930114,1.71,87.89,58.9,10,1211,1990.71
10/8/18,17:11:18,1,2,45.106422424,-123.279869079,1.69,89.68,58.9,10,1216,2043.36
10/8/18,17:11:24,1,2,45.106422424,-123.279815673,0.43,78.81,58.5,10,1187,2155.93
10/8/18,17:11:30,1,2,45.10641098,-123.279769897,1.68,93.57,58.4,10,1206,2104.65
10/8/18,17:11:36,1,2,45.10640335,-123.279739379,0.11,295.99,57.7,10,1211,2116.15
10/8/18,17:11:42,1,2,45.10640335,-123.279739379,0.03,275.63,57.7,10,1206,2162.05
10/8/18,17:11:48,1,2,45.106395721,-123.279716491,0.77,100.29,57.7,10,1211,2139.57
10/8/18,17:11:54,1,2,45.106372833,-123.279685974,0.94,147.12,58.1,10,1182,2180.308
10/8/18,17:12:0,1,2,45.106330871,-123.279670715,1.91,182.49,58.1,10,1186,2009.06
10/8/18,17:12:6,1,2,45.10628128,-123.279670715,1.04,184.03,58,10,1211,2218.19
10/8/18,17:12:12,1,2,45.106273651,-123.279670715,0.01,77.82,58.2,10,1211,2079.87
10/8/18,17:12:18,1,2,45.106273651,-123.279670715,0.01,325.9,58.2,10,1211,2079.24�
10/8/18,17:12:24,1,2,45.106273651,-123.279670715,0.01,176.12,58.2,10,1186,2079.24�
10/8/18,17:12:30,1,2,45.106273651,-123.279670715,0.02,28.46,58.2,10,1206,2079.24�
10/8/18,17:12:36,1,2,45.106273651,-123.279670715,0.02,5.43,58.2,10,1206,2079.24�
10/8/18,17:12:42,1,2,45.106273651,-123.279670715,0.02,179.48,58.2,10,1211,2079.24�
10/8/18,17:12:48,1,2,45.106273651,-123.279670715,0.01,202.14,58.2,10,1206,2079.24�
10/8/18,17:12:54,1,2,45.106273651,-123.279670715,0.02,184.3,58.1,10,1206,2079.24�
10/8/18,17:13:0,1,2,45.106273651,-123.279670715,0.02,352.31,58.1,10,1206,2079.24�
10/8/18,17:13:6,1,2,45.106273651,-123.279670715,0.02,2.85,58.1,10,1206,2079.24�
10/8/18,17:13:12,1,2,45.106273651,-123.279670715,0.01,178.11,58.1,10,1201,2079.24�
10/8/18,17:13:18,1,2,45.106273651,-123.279670715,0.02,21.22,58.1,10,1196,2079.24�
10/8/18,17:13:24,1,2,45.10628128,-123.279670715,0.02,212.08,58.1,10,1211,2079.24�
10/8/18,17:13:30,1,2,45.10628128,-123.279670715,0.02,80.96,58.1,10,1201,2079.24�
10/8/18,17:13:36,1,2,45.10628128,-123.279670715,0.02,268.82,58.1,10,1196,2079.24�
10/8/18,17:13:42,1,2,45.10628128,-123.279670715,0.01,77.35,58.1,10,1211,2079.24�
10/8/18,17:13:48,1,2,45.10628128,-123.279670715,0.01,273.8,58.1,10,1220,2079.24�
10/8/18,17:13:54,1,2,45.10628128,-123.279670715,0.02,87.25,58.1,10,1206,2079.24�
10/8/18,17:14:0,1,2,45.10628128,-123.279670715,0.02,294.19,58.1,10,1206,2079.24�
10/8/18,17:14:6,1,2,45.10628128,-123.279670715,0.02,296.52,58.1,10,1206,2079.24�
10/8/18,17:14:12,1,2,45.10628128,-123.279670715,0.01,103.9,58.1,10,1206,2079.24�
10/8/18,17:14:18,1,2,45.10628128,-123.279670715,0.03,97.6,58.1,10,1201,2079.24�
10/8/18,17:14:24,1,2,45.10628128,-123.279670715,0.02,282.01,58.1,10,1196,2079.24�
10/8/18,17:14:30,1,2,45.10628128,-123.279670715,0.01,297.43,58.1,10,1206,2079.24�
10/8/18,17:14:36,1,2,45.10628128,-123.279670715,0.02,288.19,58.1,10,1201,2079.24�
10/8/18,17:14:42,1,2,45.10628128,-123.279670715,0.02,101.64,58.1,10,1211,2079.24�
10/8/18,17:14:48,1,2,45.10628128,-123.279670715,0.02,114.33,58.1,10,1211,2079.24�
10/8/18,17:14:54,1,2,45.10628128,-123.279670715,0.02,117.87,58.1,10,1201,2079.24�
10/8/18,17:15:0,1,2,45.10628128,-123.279670715,0.01,330.09,58.1,10,1196,2079.24�
10/8/18,17:15:6,1,2,45.10628128,-123.279670715,0.01,121.8,58.1,10,1220,2079.24�
10/8/18,17:15:12,1,2,45.10628128,-123.279670715,0.01,285.85,58,10,1206,2079.24�
10/8/18,17:15:18,1,2,45.10628128,-123.279670715,0.02,336.24,58,10,1186,2079.24�
10/8/18,17:15:24,1,2,45.10628128,-123.279670715,0.02,292.48,58,10,1211,2079.24�
10/8/18,17:15:30,1,2,45.10628128,-123.279670715,0.01,109.5,58,10,1211,2079.24�
10/8/18,17:15:36,1,2,45.10628128,-123.279670715,0.02,99.17,58,10,1211,2079.24�
10/8/18,17:15:42,1,2,45.10628128,-123.279670715,0.02,164.99,58,10,1201,2079.24�
10/8/18,17:15:48,1,2,45.10628128,-123.279670715,0.02,4.91,58,10,1206,2079.24�
10/8/18,17:15:54,1,2,45.10628128,-123.279670715,0.02,359.29,58,10,1211,2079.24�
10/8/18,17:16:0,1,2,45.10628128,-123.279670715,0.02,334.54,58,10,1196,2079.24�
10/8/18,17:16:6,1,2,45.10628128,-123.279670715,0.02,339.4,58,9,1206,2079.24�
10/8/18,17:16:12,1,2,45.10628128,-123.279670715,0.01,330.62,58,9,1211,2079.24�
10/8/18,17:16:18,1,2,45.10628128,-123.279670715,0.01,146.11,58,10,1201,2079.24�
10/8/18,17:16:24,1,2,45.10628128,-123.279670715,0.02,321.74,58,10,1196,2079.24�
10/8/18,17:16:30,1,2,45.10628128,-123.279670715,0.01,340.58,58,10,1186,2079.24�
10/8/18,17:16:36,1,2,45.10628128,-123.279670715,0.01,111.32,58,10,1201,2079.24�
10/8/18,17:16:42,1,2,45.10628128,-123.279670715,0.01,158.58,57.9,10,1206,2079.24�
10/8/18,17:16:48,1,2,45.10628128,-123.279670715,0.02,161.58,57.9,10,1206,2079.24�
10/8/18,17:16:54,1,2,45.10628128,-123.279670715,0.02,350.21,57.9,10,1186,2079.24�
10/8/18,17:17:0,1,2,45.10628128,-123.279670715,0.02,1.63,57.9,10,1206,2079.24�
10/8/18,17:17:6,1,2,45.10628128,-123.279670715,0.02,358.02,57.9,10,1182,2079.24�
10/8/18,17:17:12,1,2,45.10628128,-123.279670715,0.02,347.29,57.9,10,1211,2079.24�
10/8/18,17:17:18,1,2,45.10628128,-123.279670715,0.02,336.86,57.9,10,1201,2079.24�
10/8/18,17:17:24,1,2,45.10628128,-123.279670715,0.01,337.45,57.9,10,1211,2079.24�
10/8/18,17:17:30,1,2,45.10628128,-123.279670715,0.01,349.95,57.9,10,1211,2079.24�
10/8/18,17:17:36,1,2,45.10628128,-123.279670715,0.02,198.11,57.9,10,1206,2079.24�
10/8/18,17:17:42,1,2,45.10628128,-123.279670715,0.01,165.14,57.9,10,1216,2079.24�
10/8/18,17:17:48,1,2,45.10628128,-123.279670715,0.01,338,57.9,10,1211,2079.24�
10/8/18,17:17:54,1,2,45.10628128,-123.279670715,0.01,294.57,57.9,10,1181,2079.24�
10/8/18,17:18:0,1,2,45.10628128,-123.279670715,0.01,181.34,57.9,10,1186,2079.24�
10/8/18,17:18:6,1,2,45.10628128,-123.279670715,0,355.19,57.9,10,1206,2079.24�
10/8/18,17:18:12,1,2,45.10628128,-123.279670715,0.01,314.62,57.9,10,1211,2079.24�
10/8/18,17:18:18,1,2,45.10628128,-123.279670715,0.02,184.56,57.9,10,1211,2079.24�
10/8/18,17:18:24,1,2,45.10628128,-123.279670715,0.01,86.2,57.8,10,1192,2079.24�
10/8/18,17:18:30,1,2,45.10628128,-123.279670715,0.01,120.66,57.8,10,1201,2079.24�
10/8/18,17:18:36,1,2,45.10628128,-123.279670715,0.01,126,57.8,10,1211,2079.24�
10/8/18,17:18:42,1,2,45.10628128,-123.279670715,0.01,108.54,57.8,10,1216,2079.24�
10/8/18,17:18:48,1,2,45.10628128,-123.279670715,0.01,135.71,57.8,10,1211,2079.24�
10/8/18,17:18:54,1,2,45.10628128,-123.279670715,0.05,36.54,57.8,10,1206,2079.24�
10/8/18,17:19:0,1,2,45.10628128,-123.279670715,0.01,6.41,57.8,10,1187,2079.24�
10/8/18,17:19:6,1,2,45.106273651,-123.279670715,0.02,4.61,57.8,10,1211,2079.24�
10/8/18,17:19:12,1,2,45.106273651,-123.279670715,0.01,167.5,57.8,9,1143,2079.24�
10/8/18,17:19:18,1,2,45.106273651,-123.279670715,0.01,129.27,57.8,10,1211,2079.24�
10/8/18,17:19:24,1,2,45.106273651,-123.279670715,0.02,114.58,57.8,10,1206,2079.24�
10/8/18,17:19:30,1,2,45.106273651,-123.279670715,0.01,25.95,57.8,10,1201,2079.24�
10/8/18,17:19:36,1,2,45.106273651,-123.279670715,0,229.31,57.8,10,1211,2079.24�
10/8/18,17:19:42,1,2,45.106273651,-123.279670715,0.01,137.45,57.8,10,1216,2079.24�
10/8/18,17:19:48,1,2,45.106273651,-123.279670715,0.01,198.6,57.8,10,1201,2079.24�
10/8/18,17:19:54,1,2,45.106273651,-123.279670715,0,0,57.8,10,1206,2079.24�
10/8/18,17:20:0,1,2,45.106273651,-123.279670715,0.01,113.7,57.8,10,1216,2079.24�
10/8/18,17:20:6,1,2,45.106273651,-123.279670715,0,110.39,57.8,10,1201,2079.24�
10/8/18,17:20:12,1,2,45.106266021,-123.279670715,1.41,170.48,57.9,10,1206,2079.24�
10/8/18,17:20:18,1,2,45.106235504,-123.279655456,1.63,179.03,58,10,1201,2079.24�
10/8/18,17:20:24,1,2,45.106193542,-123.279670715,1.64,235.59,57.6,10,1211,2079.24�
10/8/18,17:20:30,1,2,45.106193542,-123.279716491,0.21,273.87,57.4,10,1143,2079.24�
10/8/18,17:20:36,1,2,45.106193542,-123.279754638,0.49,269.31,57.3,9,1206,2079.24�
10/8/18,17:20:42,1,2,45.106185913,-123.279754638,0.09,87.31,57.4,10,1201,2079.24�
10/8/18,17:20:48,1,2,45.106185913,-123.279754638,0.08,258.43,57.4,10,1201,2079.24�
10/8/18,17:20:54,1,2,45.106185913,-123.279769897,1.19,270.81,57.4,10,1201,0.24
����,,,,,,,,,,,
10/8/18,17:21:0,1,2,45.106185913,-123.279815673,0.47,272.12,58.1,10,1152,1190.7
,,,,,,,,,,,
10/8/18,17:21:6,1,2,45.106185913,-123.279815673,0.24,273.13,58.2,10,1201,
�������,,,,,,,,,,,
10/8/18,17:21:12,1,2,45.106178283,-123.279869079,0.81,268.63,58.9,10,1148,
1194.4,,,,,,,,,,,
10/8/18,17:21:18,1,2,45.106178283,-123.279899597,1.54,272.54,59.1,10,1206,1150.11�
10/8/18,17:21:24,1,2,45.106178283,-123.279960632,1.52,271.79,59.3,10,1152,1188.10
10/8/18,17:21:30,1,2,45.106178283,-123.280029296,1.41,269.16,59.5,10,1201,1211.04
10/8/18,17:21:36,1,2,45.106178283,-123.280097961,1.41,270.23,59.5,10,1220,1241.13
10/8/18,17:21:42,1,2,45.106178283,-123.280128479,1.12,265.21,60,9,1201,1258.62
10/8/18,17:21:48,1,2,45.106178283,-123.280174255,1.21,273.96,60.4,10,1157,1266.95
10/8/18,17:21:55,1,2,45.106178283,-123.280242919,1.23,269.34,60.4,10,1216,1276.946
10/8/18,17:22:0,1,2,45.106178283,-123.280273437,1.24,275.14,60.6,10,1206,1302.7
,,,,,,,,,,,
10/8/18,17:22:6,1,2,45.106178283,-123.280319213,1.21,267.42,60.8,9,1152,1322.584
10/8/18,17:22:12,1,2,45.106178283,-123.280372619,1.13,270.95,61,9,1201,1320.251
10/8/18,17:22:18,1,2,45.106185913,-123.280418395,1.09,272.65,61,10,1143,1366.18
10/8/18,17:22:24,1,2,45.106185913,-123.280471801,1.19,270.27,61.1,10,1211,1392.31
10/8/18,17:22:30,1,2,45.106185913,-123.280502319,1.07,268.47,61.1,10,1206,1405.80
10/8/18,17:22:36,1,2,45.106185913,-123.280563354,1.2,273.95,61.3,9,1220,1419.68
10/8/18,17:22:42,1,2,45.106185913,-123.280601501,1.11,266.91,61.1,9,1211,1445.19
10/8/18,17:22:48,1,2,45.106185913,-123.280647277,1.21,271.37,61.5,10,1143,1454.69
10/8/18,17:22:54,1,2,45.106185913,-123.280693054,1.21,270.32,61.4,10,1196,1472.344
10/8/18,17:23:0,1,2,45.106185913,-123.280746459,1.22,275.62,61.4,10,1220,1498.97
10/8/18,17:23:6,1,2,45.106185913,-123.280792236,1.25,274.45,61.5,9,1201,1502.46
10/8/18,17:23:12,1,2,45.106185913,-123.280845642,1.21,271.58,61.8,10,1152,1516.45
10/8/18,17:23:18,1,2,45.106185913,-123.280876159,1.08,268.71,61.7,10,1206,1544.661
10/8/18,17:23:24,1,2,45.106185913,-123.280937194,1.1,270.12,62,10,1220,1566.46
10/8/18,17:23:30,1,2,45.106185913,-123.280975341,1.13,273.8,61.9,10,1201,1581.75
10/8/18,17:23:36,1,2,45.106185913,-123.2809906,0.03,211.46,61.5,10,1201,9
1575,,,,,,,,,,,
10/8/18,17:23:43,1,2,45.106185913,-123.2809906,0.04,67.48,61.5,9,1220,1572.94
10/8/18,17:23:48,1,2,45.106185913,-123.2809906,0.01,260.48,61.4,10,1143,1572.44
10/8/18,17:23:55,1,2,45.106185913,-123.2809906,0.02,81.6,61.4,9,1206,3
1571,,,,,,,,,,,
10/8/18,17:24:0,1,2,45.106185913,-123.2809906,0.13,253.8,61.4,10,1152,1567.36
,,,,,,,,,,,
10/8/18,17:24:7,1,2,45.106185913,-123.281021118,0.94,268.89,61.5,9,1206,2
1596,,,,,,,,,,,
10/8/18,17:24:12,1,2,45.106185913,-123.281051635,1.1,271.94,60.8,10,1143,1621.24
10/8/18,17:24:19,1,2,45.106185913,-123.2811203,1.2,268.4,60.4,10,1206,1647.34
10/8/18,17:24:24,1,2,45.106185913,-123.281166076,1.17,271.4,61.2,10,1152,1652.97
10/8/18,17:24:30,1,2,45.106185913,-123.281204223,1.1,269.22,61,8,1148,1673.44
10/8/18,17:24:36,1,2,45.106193542,-123.28125,1.13,271.86,60.2,9,1148,7
1699,,,,,,,,,,,
10/8/18,17:24:43,1,2,45.106193542,-123.281295776,1.1,269.92,59.3,9,1211,1712.53
10/8/18,17:24:48,1,2,45.106193542,-123.281349182,1.12,269.81,58.7,9,1143,9
1728,,,,,,,,,,,
10/8/18,17:24:55,1,2,45.106193542,-123.281394958,1.23,273.02,58.2,10,1211,1751.68
10/8/18,17:25:0,1,2,45.106193542,-123.281448364,1.16,268.97,58.3,10,1157,1782.61
10/8/18,17:25:7,1,2,45.106193542,-123.28149414,1.08,268.4,58,9,1206,1810.67
10/8/18,17:25:12,1,2,45.106201171,-123.281524658,1.42,270.88,57.7,9,1143,1831.19
10/8/18,17:25:18,1,2,45.106201171,-123.281593322,1.32,271.84,56.8,10,1152,1846.81
10/8/18,17:25:24,1,2,45.106201171,-123.281639099,1.44,270.72,58,9,1152,1864.16
10/8/18,17:25:31,1,2,45.106193542,-123.281707763,1.34,270.86,61.9,10,1206,2080.27
10/8/18,17:25:36,1,2,45.106185913,-123.281768798,1.38,270.85,62.6,9,1206,1761.34
10/8/18,17:25:43,1,2,45.106193542,-123.281822204,1.27,270.38,61.2,9,1206,1386.90
10/8/18,17:25:48,1,2,45.106185913,-123.28186798,1.28,269.48,61.9,9,1220,1209.40
10/8/18,17:25:55,1,2,45.106185913,-123.281913757,1.45,271.02,63.4,10,1216,0.48
����,,,,,,,,,,,
10/8/18,17:26:0,1,2,45.106185913,-123.281982421,1.41,269.42,63.4,10,1216,
�������,,,,,,,,,,,
10/8/18,17:26:7,1,2,45.106185913,-123.282028198,1.5,274.13,63.2,9,1211, 586.74
10/8/18,17:26:12,1,2,45.106193542,-123.282096862,1.41,271.38,63.1,9,1206, 678.94
10/8/18,17:26:19,1,2,45.106193542,-123.282157897,1.51,273.29,62.6,8,1196, 457.24
10/8/18,17:26:24,1,2,45.106185913,-123.282211303,1.42,267.18,62.8,10,1152, 411.24.
10/8/18,17:26:31,1,2,45.106185913,-123.28225708,1.45,273.92,62.6,10,1206, 369.26
10/8/18,17:26:36,1,2,45.106185913,-123.282310485,1.35,270.05,62.9,10,1148, 432.44
10/8/18,17:26:43,1,2,45.106185913,-123.28237152,1.56,273.87,63.1,10,1206,3
 412,,,,,,,,,,,
10/8/18,17:26:48,1,2,45.106193542,-123.282440185,1.42,270.4,63.6,9,1206, 446.92
10/8/18,17:26:55,1,2,45.106193542,-123.28250122,1.49,274.31,63.4,10,1206, 476.20
10/8/18,17:27:0,1,2,45.106193542,-123.282554626,1.46,271.1,63.9,10,1206, 500.31
10/8/18,17:27:7,1,2,45.106193542,-123.282615661,1.32,271.8,64.2,10,1211, 548.92
10/8/18,17:27:12,1,2,45.106193542,-123.282669067,1.53,270.01,64.6,10,1196, 587.19
10/8/18,17:27:19,1,2,45.106193542,-123.282730102,1.44,273.98,64.5,10,1206, 639.96
10/8/18,17:27:24,1,2,45.106193542,-123.282798767,1.53,268.63,64.3,10,1206,0.79
 7,,,,,,,,,,,
10/8/18,17:27:31,1,2,45.106193542,-123.282844543,1.63,274.18,64.3,10,1221,82.91
,,,,,,,,,,,
10/8/18,17:27:36,1,2,45.106193542,-123.282913208,1.24,266.02,64.3,10,1196,573.07
,,,,,,,,,,,
10/8/18,17:27:43,1,2,45.106193542,-123.282958984,1.33,273.51,64.3,10,1206, 359.16
10/8/18,17:27:48,1,2,45.106193542,-123.283027648,1.39,268.11,64.2,10,1201,0.78
 3,,,,,,,,,,,
10/8/18,17:27:55,1,2,45.106193542,-123.283073425,1.3,270.74,64.5,10,1211, 319.7
10/8/18,17:28:0,1,2,45.106193542,-123.283119201,1.34,273.61,64.6,10,1206,
 142.,,,,,,,,,,,
10/8/18,17:28:7,1,2,45.106193542,-123.283172607,1.49,272.25,64.4,10,1201, 131.12
10/8/18,17:28:12,1,2,45.106201171,-123.283233642,1.37,273.13,64.4,10,1216,  92.08
10/8/18,17:28:19,1,2,45.106201171,-123.283287048,1.29,273.59,64.2,10,1196, 221.10
10/8/18,17:28:24,1,2,45.106201171,-123.283332824,1.27,269.3,64.3,10,1152, 213.08
10/8/18,17:28:31,1,2,45.106201171,-123.283378601,1.28,278.7,64.9,10,1201,  40.10
10/8/18,17:28:36,1,2,45.106201171,-123.283447265,1.28,266.87,65.2,10,1201,  70.05
10/8/18,17:28:43,1,2,45.106201171,-123.283493041,1.26,270.88,65.2,10,1206,  96.74
10/8/18,17:28:48,1,2,45.106201171,-123.283546447,1.23,269.71,65.5,9,1196, 150.06
10/8/18,17:28:55,1,2,45.106208801,-123.283607482,1.36,269.6,65.7,10,1206, 194.29
10/8/18,17:29:0,1,2,45.106201171,-123.283660888,1.1,268.45,65.8,10,1196,58
 22,,,,,,,,,,,
10/8/18,17:29:6,1,2,45.106201171,-123.283706665,1.41,272.43,65.9,10,1148, 269.03
10/8/18,17:29:12,1,2,45.106208801,-123.283775329,1.37,268.88,65.9,10,1206, 369.04
10/8/18,17:29:19,1,2,45.106208801,-123.283805847,0.8,271.92,65.9,10,1206,0.1
 4,,,,,,,,,,,
10/8/18,17:29:24,1,2,45.106208801,-123.283851623,1.12,272.6,65.7,10,1206,
 431.,,,,,,,,,,,
10/8/18,17:29:31,1,2,45.106201171,-123.283905029,1.06,269.2,65.6,10,1211, 468.20
10/8/18,17:29:36,1,2,45.106201171,-123.283935546,1.13,267.17,65.4,10,1201,535.18
,,,,,,,,,,,
10/8/18,17:29:43,1,2,45.106201171,-123.283981323,1.01,270.84,65.2,10,1206, 565.49
10/8/18,17:29:48,1,2,45.106201171,-123.28401947,1.04,265.68,65.1,10,1196, 405.29
10/8/18,17:29:55,1,2,45.106201171,-123.284065246,1.03,268.11,65.2,10,1206, 252.74
10/8/18,17:30:0,1,2,45.106201171,-123.284095764,0.97,270.06,65.2,9,1206, 357.35
10/8/18,17:30:7,1,2,45.106201171,-123.284149169,1.08,269.63,65,10,1206, 222.28
10/8/18,17:30:12,1,2,45.106201171,-123.284194946,1.09,271.71,65,10,1211, 183.02
10/8/18,17:30:19,1,2,45.106201171,-123.284225463,1.03,272.01,65.6,10,1211, 136.13
10/8/18,17:30:24,1,2,45.106201171,-123.284278869,1.47,270.16,65.9,10,1196,16.52
,,,,,,,,,,,
10/8/18,17:30:31,1,2,45.106201171,-123.284324645,1.03,267.89,66,10,1196, 234.14
10/8/18,17:30:36,1,2,45.106201171,-123.284378051,1.11,269.15,66.3,10,1206, 184.88
10/8/18,17:30:43,1,2,45.106201171,-123.284408569,1.06,269.61,66.1,10,1211, 182.547
10/8/18,17:30:48,1,2,45.106201171,-123.284454345,1.08,268.75,66.2,10,1206,205.86
,,,,,,,,,,,
10/8/18,17:30:55,1,2,45.106201171,-123.284492492,0.9,267.6,66.3,10,1206,251.2
,,,,,,,,,,,
10/8/18,17:31:0,1,2,45.106201171,-123.284538269,0.99,269.81,66.7,10,1196,6
 28,,,,,,,,,,,
10/8/18,17:31:7,1,2,45.106201171,-123.284584045,1.01,271.61,66.5,10,1196, 320.69
10/8/18,17:31:12,1,2,45.106208801,-123.284637451,1.1,271.84,66.3,10,1216,66.85
,,,,,,,,,,,
10/8/18,17:31:19,1,2,45.106208801,-123.284683227,1.06,274.04,66.3,10,1206,
�������,,,,,,,,,,,
10/8/18,17:31:24,1,2,45.106208801,-123.284736633,1.17,277.5,65.9,10,1211,
�������,,,,,,,,,,,
10/8/18,17:31:31,1,2,45.10621643,-123.28476715,1.06,275.14,65.6,10,1206, 437.71
10/8/18,17:31:36,1,2,45.10621643,-123.284812927,1.09,276.05,65.7,10,1192, 469.80.
10/8/18,17:31:43,1,2,45.10622406,-123.284843444,0.84,273.87,66,9,1196, 518.93
10/8/18,17:31:48,1,2,45.10622406,-123.284843444,0.19,277.35,66.5,10,1206, 516.171
10/8/18,17:31:55,1,2,45.10622406,-123.284843444,0.09,105.22,66.5,10,1211,53
 51,,,,,,,,,,,
10/8/18,17:32:0,1,2,45.10622406,-123.284843444,0.31,99.57,65.8,10,1206, 506.9
10/8/18,17:32:7,1,2,45.10621643,-123.284812927,0.73,92.58,65.8,10,1206, 498.54
10/8/18,17:32:12,1,2,45.10621643,-123.284782409,0.93,94.37,65.3,10,1211, 510.584
10/8/18,17:32:19,1,2,45.10621643,-123.284797668,0.65,272.82,64.4,10,1206, 506.04
10/8/18,17:32:24,1,2,45.10621643,-123.284843444,1.01,269.71,64.5,10,1196, 516.519
10/8/18,17:32:31,1,2,45.10621643,-123.284881591,0.93,269.47,64.4,10,1206, 504.54
10/8/18,17:32:36,1,2,45.10621643,-123.284881591,0.46,267.18,64.2,10,1201, 562.26
10/8/18,17:32:43,1,2,45.10621643,-123.28489685,0.25,274.99,64.2,10,1211, 542.10
10/8/18,17:32:48,1,2,45.10622406,-123.28489685,0.12,344.37,64.2,10,1201, 543.30
10/8/18,17:32:55,1,2,45.10622406,-123.28489685,0.11,0.06,64.1,10,1206, 539.55
10/8/18,17:33:0,1,2,45.10622406,-123.28489685,0.03,133.83,63.9,10,1196, 535.14
10/8/18,17:33:7,1,2,45.10622406,-123.28489685,0,118.1,63.9,10,1206, 533.38
10/8/18,17:33:12,1,2,45.10622406,-123.28489685,0.02,14.21,63.9,10,1196, 529.08
10/8/18,17:33:19,1,2,45.10622406,-123.28489685,0.01,221.34,63.9,10,1206, 523.78.
10/8/18,17:33:24,1,2,45.10622406,-123.28489685,0,354.18,63.9,10,1196,
 521.,,,,,,,,,,,
10/8/18,17:33:31,1,2,45.10622406,-123.28489685,0.02,8.18,63.9,10,1206, 514.16
10/8/18,17:33:36,1,2,45.10622406,-123.28489685,0.01,214.5,63.9,10,1196,503.75
,,,,,,,,,,,
10/8/18,17:33:43,1,2,45.10622406,-123.28489685,0.02,40.77,63.9,10,1211, 486.71
10/8/18,17:33:48,1,2,45.10622406,-123.28489685,0.02,240.9,63.8,10,1186, 476.79
10/8/18,17:33:55,1,2,45.10622406,-123.28489685,0.01,67.58,63.8,9,1206, 470.46
10/8/18,17:34:0,1,2,45.10622406,-123.28489685,0.02,178.27,63.8,9,1196, 479.87
10/8/18,17:34:7,1,2,45.10622406,-123.28489685,0.04,50.65,63.8,9,1196, 510.85
10/8/18,17:34:12,1,2,45.10622406,-123.28489685,0.26,306.6,63.8,9,1216, 509.77
10/8/18,17:34:19,1,2,45.106235504,-123.284912109,0.41,337.71,63.9,10,1201, 546.44
10/8/18,17:34:24,1,2,45.106266021,-123.284912109,1.33,3.79,63.4,9,1182, 485.59
10/8/18,17:34:31,1,2,45.106307983,-123.284927368,1.37,352.94,62.7,10,1206, 546.69
10/8/18,17:34:36,1,2,45.1063385,-123.284942626,1.07,3.81,62.1,10,1196,7.05
 ,,,,,,,,,,,
10/8/18,17:34:43,1,2,45.106357574,-123.284927368,0.73,64.7,61.2,10,1201, 590.76.
10/8/18,17:34:48,1,2,45.106365203,-123.28489685,1.12,92.21,60.7,10,1196, 614.326
10/8/18,17:34:55,1,2,45.106365203,-123.284866333,0.17,82.2,60.2,9,1206, 568.00
10/8/18,17:35:0,1,2,45.106365203,-123.284866333,0,318.7,60.1,9,1196,
 555.,,,,,,,,,,,
10/8/18,17:35:7,1,2,45.106365203,-123.284866333,0.02,113.95,60.1,9,1191, 553.8
10/8/18,17:35:12,1,2,45.106365203,-123.284866333,0.6,104.56,60.1,9,1196, 459.45
10/8/18,17:35:19,1,2,45.106365203,-123.284812927,1.34,92.05,59.8,9,1206, 468.88
10/8/18,17:35:24,1,2,45.106365203,-123.28476715,1.35,87.9,59.7,9,1206, 560.31
10/8/18,17:35:31,1,2,45.106365203,-123.284713745,1.34,92.04,59.4,9,1196, 621.39
10/8/18,17:35:36,1,2,45.106365203,-123.284652709,1.27,90.03,58.9,9,1201, 652.07 
10/8/18,17:35:43,1,2,45.106365203,-123.284599304,1.34,96.44,58.7,9,1196, 716.49
10/8/18,17:35:48,1,2,45.106365203,-123.284538269,1.41,89.76,58.3,9,1196, 750.39
10/8/18,17:35:55,1,2,45.106365203,-123.284469604,1.42,91.04,57.7,9,1196, 793.01
10/8/18,17:36:0,1,2,45.106365203,-123.284423828,1.36,90.56,57.2,9,1196, 853.61
10/8/18,17:36:7,1,2,45.106365203,-123.284355163,1.43,91.29,56.8,9,1201, 905.09
10/8/18,17:36:12,1,2,45.106365203,-123.284309387,1.26,92.14,56.5,9,1206, 969.38
10/8/18,17:36:19,1,2,45.106365203,-123.284248352,1.24,93.23,56.2,9,1186,
�������,,,,,,,,,,,
10/8/18,17:36:24,1,2,45.106357574,-123.284210205,1.23,93.58,56.4,9,1206,1103.19
10/8/18,17:36:31,1,2,45.106357574,-123.284149169,1.42,89.36,56.4,9,1201,1164.63
10/8/18,17:36:36,1,2,45.106357574,-123.284095764,1.13,91.17,56.2,9,1196,1224.77
,,,,,,,,,,,
10/8/18,17:36:43,1,2,45.106357574,-123.284049987,1.13,98.2,56.1,9,1206,1276.34
10/8/18,17:36:48,1,2,45.106357574,-123.284004211,1.2,92.44,56.1,9,1196,1351.370
10/8/18,17:36:55,1,2,45.106357574,-123.283935546,1.27,95.4,56.3,9,1206,1432.084
10/8/18,17:37:0,1,2,45.106357574,-123.28388977,1.27,92.3,56.4,9,1206,1505.27
10/8/18,17:37:7,1,2,45.106365203,-123.283821105,1.21,86.01,56.8,9,1196,1581.290
10/8/18,17:37:12,1,2,45.106365203,-123.283775329,1.23,91.58,57.1,9,1196,1635.86
10/8/18,17:37:19,1,2,45.106365203,-123.283706665,1.41,89.52,57.1,9,1201,1696.85
10/8/18,17:37:24,1,2,45.106365203,-123.283660888,0.92,108.75,57.1,9,1216,1765.31
10/8/18,17:37:31,1,2,45.106365203,-123.283592224,1.49,88.85,57.1,9,1201,1824.68
10/8/18,17:37:36,1,2,45.106365203,-123.283546447,1.48,93.41,57.1,9,1196,1876.398
10/8/18,17:37:43,1,2,45.106365203,-123.283477783,1.16,99.27,57.1,9,1211,1961.6
10/8/18,17:37:48,1,2,45.106365203,-123.283432006,1.07,97.16,57.2,9,1196,1997.20
10/8/18,17:37:55,1,2,45.106365203,-123.283378601,1.41,94.15,57.4,9,1201,
2087.,,,,,,,,,,,
10/8/18,17:38:0,1,2,45.106365203,-123.283317565,1.3,94.14,57.4,9,1196,2188.02
10/8/18,17:38:7,1,2,45.106357574,-123.283271789,1.15,97.72,57.4,9,1196,2224.55
10/8/18,17:38:12,1,2,45.106365203,-123.283203125,1.35,92.41,57.4,9,1216,2268.41
10/8/18,17:38:19,1,2,45.106357574,-123.283157348,1.02,97.63,57.4,9,1201,2334.63
10/8/18,17:38:24,1,2,45.106357574,-123.283088684,1.29,97.03,57.4,9,1206,2392.95
10/8/18,17:38:31,1,2,45.106365203,-123.283042907,1.44,88.67,57.4,9,1206,2450.70
10/8/18,17:38:36,1,2,45.106365203,-123.282974243,1.34,96.07,57.4,9,1196,2500.36
10/8/18,17:38:43,1,2,45.106365203,-123.282928466,1.26,92.92,57.6,9,1206,2548.92
10/8/18,17:38:48,1,2,45.106365203,-123.282859802,1.39,92.01,57.7,9,1196,2619.701
10/8/18,17:38:55,1,2,45.106365203,-123.282814025,1.39,94.07,57.6,9,1201,2659.03
,,,,,,,,,,,
10/8/18,17:39:0,1,2,45.106365203,-123.282745361,1.38,93.5,57.4,9,1191,2668.24
10/8/18,17:39:7,1,2,45.106365203,-123.282684326,1.4,92.67,57.5,9,1196,2715.50
10/8/18,17:39:12,1,2,45.106365203,-123.28263092,1.23,89.85,57.7,9,1206,2758.495
10/8/18,17:39:19,1,2,45.106357574,-123.282585144,1.34,92.9,58.2,9,1201,6.52
,,,,,,,,,,,
10/8/18,17:39:24,1,2,45.106357574,-123.282539367,1.3,91.67,58.6,9,1211,2863.58
10/8/18,17:39:31,1,2,45.106357574,-123.282470703,1.3,94.24,58.9,8,1196,2899.02
10/8/18,17:39:36,1,2,45.106365203,-123.282424926,1.36,93.63,59.2,9,1201,2955.0
10/8/18,17:39:43,1,2,45.106357574,-123.282356262,1.32,95.65,59.2,9,1201,10.86
,,,,,,,,,,,
10/8/18,17:39:48,1,2,45.106357574,-123.282310485,1.17,100.56,59.3,9,1186,3076.19
10/8/18,17:39:55,1,2,45.106357574,-123.282241821,1.38,89.37,59.2,9,1196,3089.76
10/8/18,17:40:0,1,2,45.106357574,-123.282196044,1.37,92.19,59.4,9,1216,3092.85
10/8/18,17:40:7,1,2,45.106357574,-123.28212738,1.42,90.71,59.4,9,1206,3150.40
10/8/18,17:40:12,1,2,45.106357574,-123.282081604,1.39,86.86,59.2,9,1191,3204.91
10/8/18,17:40:19,1,2,45.106357574,-123.282028198,1.38,90.84,59.1,9,1206,3197.34
10/8/18,17:40:24,1,2,45.10634613,-123.281982421,1.23,92.17,59.2,9,1201,3247.06
10/8/18,17:40:31,1,2,45.10634613,-123.281913757,1.36,92.72,59.3,9,1182,3270.09
10/8/18,17:40:36,1,2,45.10634613,-123.28186798,1.35,90.27,59.5,9,1196,3310.35
10/8/18,17:40:43,1,2,45.1063385,-123.281822204,1.36,90.93,59.9,9,1216,3344.08
10/8/18,17:40:48,1,2,45.10634613,-123.28175354,1.27,97.86,60.3,8,1201,3376.77
10/8/18,17:40:55,1,2,45.10634613,-123.281707763,1.29,92.17,60.3,9,1211,3442.09
10/8/18,17:41:0,1,2,45.1063385,-123.281654357,1.2,98.61,60.1,8,1201,3463.16
10/8/18,17:41:7,1,2,45.1063385,-123.281608581,1.43,93.72,60,9,1201,3581.76
10/8/18,17:41:12,1,2,45.1063385,-123.281539916,1.37,91.09,59.9,9,1201,1.35
3,,,,,,,,,,,
10/8/18,17:41:19,1,2,45.1063385,-123.28149414,1.36,91.6,59.9,9,1201,51
242,,,,,,,,,,,
10/8/18,17:41:24,1,2,45.1063385,-123.281425476,1.32,93.63,59.9,9,1201,2393.00
10/8/18,17:41:31,1,2,45.1063385,-123.281379699,1.43,90.18,59.8,9,1210,2357.27
10/8/18,17:41:36,1,2,45.10634613,-123.281318664,1.27,93,59.7,9,1201,1928.76
10/8/18,17:41:43,1,2,45.10634613,-123.281265258,1.46,91.15,60.1,9,1201,
�������,,,,,,,,,,,
10/8/18,17:41:48,1,2,45.10634613,-123.281204223,1.31,98.9,60.3,8,1182,
�������,,,,,,,,,,,
10/8/18,17:41:55,1,2,45.1063385,-123.281150817,1.34,92.22,60.2,8,1201,1090.03
10/8/18,17:42:0,1,2,45.10634613,-123.281105041,1.35,88.44,60,8,1191,44.64
,,,,,,,,,,,
10/8/18,17:42:7,1,2,45.10634613,-123.281036376,1.43,90.3,59.7,8,1191,
 793.,,,,,,,,,,,
10/8/18,17:42:12,1,2,45.10634613,-123.2809906,1.4,86.36,59.4,9,1191, 843.304
10/8/18,17:42:19,1,2,45.10634613,-123.280921936,1.4,88.88,59.4,9,1182, 877.71
10/8/18,17:42:24,1,2,45.1063385,-123.280876159,1.49,86.44,59,9,1201, 930.34
10/8/18,17:42:31,1,2,45.1063385,-123.280830383,1.34,94.93,59,9,1201,1062.01
10/8/18,17:42:36,1,2,45.1063385,-123.280776977,1.34,93.48,59,9,1210, 898.86
10/8/18,17:42:43,1,2,45.1063385,-123.280731201,1.23,90.56,58.4,9,1201, 931.71
10/8/18,17:42:48,1,2,45.1063385,-123.280662536,1.41,88.99,58.5,9,1206,1006.70
10/8/18,17:42:55,1,2,45.1063385,-123.280601501,1.59,83.44,58.6,9,1211,1071.49
10/8/18,17:43:0,1,2,45.1063385,-123.280548095,1.22,92.57,58.9,9,1201,1116.37
10/8/18,17:43:7,1,2,45.1063385,-123.280502319,1.35,95.17,58.8,8,1196,1173.90
10/8/18,17:43:12,1,2,45.106330871,-123.280448913,1.36,90.89,58.7,8,1191,1214.67
10/8/18,17:43:19,1,2,45.106330871,-123.280387878,1.4,92.85,58.6,8,1196,1265.82
10/8/18,17:43:24,1,2,45.106330871,-123.280342102,1.43,93.29,58.5,8,1191,5.92
1,,,,,,,,,,,
10/8/18,17:43:31,1,2,45.106330871,-123.280288696,1.26,97.06,58.4,8,1201,1381.74
10/8/18,17:43:36,1,2,45.106330871,-123.280227661,1.48,86,58.4,9,1201,9.96
1,,,,,,,,,,,
10/8/18,17:43:43,1,2,45.106330871,-123.280174255,1.42,88.63,58.9,9,1196,497.01
,,,,,,,,,,,
10/8/18,17:43:48,1,2,45.106323242,-123.280128479,1.32,96.65,59,9,1196,1558.88
10/8/18,17:43:55,1,2,45.106323242,-123.280059814,1.37,92.71,59.1,9,1205,1628.78
10/8/18,17:44:0,1,2,45.106323242,-123.280014038,1.29,92.21,59.2,9,1201,1673.41
10/8/18,17:44:7,1,2,45.106330871,-123.279945373,1.45,88.98,59.1,9,1201,1693.72
10/8/18,17:44:12,1,2,45.106330871,-123.279899597,1.37,91.02,59,9,1182,1761.25
10/8/18,17:44:19,1,2,45.106330871,-123.279830932,1.44,88.15,59.1,9,1201,1781.78
10/8/18,17:44:24,1,2,45.106330871,-123.279785156,1.42,89.31,59.2,9,1196,1833.22
10/8/18,17:44:31,1,2,45.106330871,-123.279739379,1.44,86.71,59.4,9,1201,1897.60
10/8/18,17:44:36,1,2,45.106330871,-123.279701232,0.05,253.59,59.4,9,1210,1947.24
10/8/18,17:44:43,1,2,45.106330871,-123.279701232,0.05,31.05,59.2,9,1201,1982.604
10/8/18,17:44:48,1,2,45.1063385,-123.279701232,0.03,231.79,59.2,9,1191,2019.98
10/8/18,17:44:55,1,2,45.1063385,-123.279701232,0.19,267.37,59.2,9,1196,2126.44
10/8/18,17:45:0,1,2,45.106330871,-123.279739379,1.28,91.39,59.3,9,1191,1830.497
10/8/18,17:45:7,1,2,45.106323242,-123.279685974,1.34,135.12,59.6,9,1196,2089.81
10/8/18,17:45:12,1,2,45.10628128,-123.279655456,1.44,156.15,60.1,9,1206,
2062.,,,,,,,,,,,
10/8/18,17:45:19,1,2,45.106250762,-123.279640197,1.27,173.35,60.2,8,1191,2016.73
10/8/18,17:45:24,1,2,45.10621643,-123.279640197,1.36,179.17,60.1,8,1201,7.67
2,,,,,,,,,,,
10/8/18,17:45:31,1,2,45.106185913,-123.279640197,1.35,179,60.2,8,1191,2039.28
10/8/18,17:45:36,1,2,45.106143951,-123.279640197,1.36,179.07,60.2,9,1191,2093.40
10/8/18,17:45:43,1,2,45.106113433,-123.279640197,1.36,181.7,60.2,9,1201,2080.64
10/8/18,17:45:48,1,2,45.106071472,-123.279670715,1.39,222.23,60.4,9,1196,2104.72
10/8/18,17:45:55,1,2,45.106063842,-123.279701232,1.3,279.93,60.7,9,1191,2100.55
10/8/18,17:46:0,1,2,45.106063842,-123.279754638,0.73,276.74,61,9,1196,2148.94
10/8/18,17:46:7,1,2,45.106063842,-123.279754638,0.24,268.51,61.2,9,1211,6
1977,,,,,,,,,,,
10/8/18,17:46:12,1,2,45.106071472,-123.279785156,1.27,269.73,61.4,9,1201,1991.80
10/8/18,17:46:19,1,2,45.106071472,-123.27985382,1.5,271.25,61.4,9,1206,2034.16
10/8/18,17:46:24,1,2,45.106071472,-123.279899597,1.29,269.81,61.3,9,1191,
2096.,,,,,,,,,,,
10/8/18,17:46:31,1,2,45.106071472,-123.279945373,1.46,273.37,61.2,9,1201,2124.532
10/8/18,17:46:36,1,2,45.106063842,-123.280014038,1.3,269.35,61.2,9,1201,2157.291
10/8/18,17:46:43,1,2,45.106063842,-123.280075073,1.33,273.42,61,9,1201,2217.76
10/8/18,17:46:48,1,2,45.106063842,-123.280075073,0.04,190.33,61.2,8,1177,2292.73
10/8/18,17:46:55,1,2,45.106063842,-123.280128479,1.67,274.32,61,9,1201,
�������,,,,,,,,,,,
10/8/18,17:47:0,1,2,45.106063842,-123.280189514,1.49,268.97,61.8,9,1201,2293.97
10/8/18,17:47:7,1,2,45.106063842,-123.280273437,1.69,274.53,62.1,9,1191,2372.56
10/8/18,17:47:12,1,2,45.106063842,-123.280342102,1.75,270.54,62.4,9,1186,2439.66
10/8/18,17:47:19,1,2,45.106071472,-123.280418395,1.86,271.87,62.5,9,1191,2504.85
10/8/18,17:47:24,1,2,45.106071472,-123.280517578,1.69,268.49,62.5,9,1211,2573.70
10/8/18,17:47:31,1,2,45.106071472,-123.280586242,1.83,272.26,62.3,9,1196,2628.58
10/8/18,17:47:36,1,2,45.106079101,-123.280662536,1.83,268.65,62.4,9,1182,3094.12
10/8/18,17:47:43,1,2,45.106071472,-123.280731201,1.72,272.36,62.3,9,1196,2885.38
10/8/18,17:47:48,1,2,45.106079101,-123.280807495,1.91,268.33,62.5,9,1201,2271.12
10/8/18,17:47:55,1,2,45.106079101,-123.280891418,1.99,271.95,62,9,1201,2001.61
10/8/18,17:48:0,1,2,45.106071472,-123.280975341,1.99,271.93,61.7,9,1201,1437.75
10/8/18,17:48:7,1,2,45.106071472,-123.281036376,1.92,270.25,61.4,9,1205,1213.00
10/8/18,17:48:12,1,2,45.106071472,-123.2811203,1.82,270.3,61.4,9,1211,0.3
 8,,,,,,,,,,,
10/8/18,17:48:19,1,2,45.106071472,-123.281204223,1.96,270.63,61,9,1196, 837.63
10/8/18,17:48:24,1,2,45.106071472,-123.281265258,1.88,270.69,60.5,9,1191, 778.52
10/8/18,17:48:31,1,2,45.106071472,-123.281349182,1.96,271.93,60.4,9,1211, 681.08
10/8/18,17:48:36,1,2,45.106071472,-123.281425476,1.87,269.67,60.4,9,1196, 722.36
10/8/18,17:48:43,1,2,45.106071472,-123.28149414,1.92,271.78,60.2,8,1191, 734.84
10/8/18,17:48:48,1,2,45.106071472,-123.281578063,1.85,269.61,59.9,8,1201, 794.05
10/8/18,17:48:55,1,2,45.106071472,-123.281654357,1.96,271.52,59.7,9,1196, 832.638
10/8/18,17:49:0,1,2,45.106071472,-123.281723022,1.9,270.58,59.4,9,1196, 882.23
10/8/18,17:49:7,1,2,45.106071472,-123.281806945,1.94,272.16,59.2,9,1201, 934.08
10/8/18,17:49:12,1,2,45.106063842,-123.28186798,1.82,269.95,59.7,8,1196, 971.3
10/8/18,17:49:19,1,2,45.106063842,-123.281936645,1.61,269.77,59.7,8,1201,1034.58
10/8/18,17:49:24,1,2,45.106063842,-123.282012939,1.88,268.04,60.1,9,1191,1092.92
10/8/18,17:49:31,1,2,45.106071472,-123.282096862,1.95,267.14,59.9,9,1201,1154.08
10/8/18,17:49:36,1,2,45.106071472,-123.282157897,0.61,269.8,59.8,9,1201,1248.84
10/8/18,17:49:43,1,2,45.106079101,-123.282157897,0.03,86.1,59.5,9,1186,1244.87
10/8/18,17:49:48,1,2,45.106079101,-123.282157897,0.07,100.02,59.4,9,1196,1261.50
10/8/18,17:49:55,1,2,45.106079101,-123.28212738,1.82,83.62,59.4,9,1191,1265.48
10/8/18,17:50:0,1,2,45.106079101,-123.28212738,2.18,252.65,59.6,9,1177,1171.70
10/8/18,17:50:7,1,2,45.106014251,-123.282180786,2.78,183.12,59.5,9,1191,1375.5
10/8/18,17:50:12,1,2,45.105949401,-123.282157897,1.45,157.31,59.1,9,1196,1444.28
10/8/18,17:50:19,1,2,45.105922698,-123.28212738,1.99,104.57,58.6,9,1191,1421.01
10/8/18,17:50:24,1,2,45.105922698,-123.282096862,0.03,356.1,58.2,9,1191,1480.54
10/8/18,17:50:31,1,2,45.105922698,-123.282066345,1.17,95.97,58.1,9,1211,1436.82
10/8/18,17:50:36,1,2,45.105922698,-123.282028198,1.05,94.01,58.5,9,1191,1359.50
10/8/18,17:50:43,1,2,45.105922698,-123.281982421,1.22,85.66,58.5,9,1211,0.5
13,,,,,,,,,,,
10/8/18,17:50:48,1,2,45.105922698,-123.281936645,1.59,85.79,59.2,9,1191,0
132,,,,,,,,,,,
10/8/18,17:50:55,1,2,45.105922698,-123.281837463,1.95,90.59,59.5,9,1211,1415.96
10/8/18,17:51:0,1,2,45.105922698,-123.28175354,2.35,90.38,60.4,9,1206,1491.33
10/8/18,17:51:7,1,2,45.105922698,-123.281654357,2.36,88.66,61,9,1201,1568.36
10/8/18,17:51:12,1,2,45.105922698,-123.281578063,2.25,90.9,61.6,9,1191,1632.91
10/8/18,17:51:19,1,2,45.105922698,-123.281478881,2.37,88,61.8,9,1201,1711.99
10/8/18,17:51:24,1,2,45.105922698,-123.281394958,2.29,91.03,62.3,9,1191,1784.46
10/8/18,17:51:31,1,2,45.105922698,-123.281295776,2.21,91.46,62.3,9,1201,1852.77
10/8/18,17:51:36,1,2,45.105922698,-123.281219482,1.76,87.06,62.3,9,1201,1905.06
10/8/18,17:51:43,1,2,45.105922698,-123.281150817,1.9,88.7,62.5,9,1206,1976.238
10/8/18,17:51:48,1,2,45.105922698,-123.281074523,1.91,91.48,62.7,9,1201,7.13
2,,,,,,,,,,,
10/8/18,17:51:55,1,2,45.105922698,-123.281005859,1.86,91.22,62.8,9,1177,25
209,,,,,,,,,,,
10/8/18,17:52:0,1,2,45.105922698,-123.280921936,1.9,90.92,63,9,1196,2152.36
10/8/18,17:52:7,1,2,45.105915069,-123.2808609,1.92,91.61,62.7,9,1191,2210.91
10/8/18,17:52:12,1,2,45.105922698,-123.280776977,1.94,83.56,63.4,9,1201,2272.80
10/8/18,17:52:19,1,2,45.105915069,-123.280693054,1.93,92.95,63.1,9,1176,
�������,,,,,,,,,,,
10/8/18,17:52:24,1,2,45.105915069,-123.28061676,1.85,90.32,63.5,9,1196,2386.56
10/8/18,17:52:31,1,2,45.105915069,-123.280548095,1.88,88.63,63.7,9,1186,2447.60
10/8/18,17:52:36,1,2,45.105915069,-123.280471801,1.86,89.29,63.4,9,1201,2516.44
10/8/18,17:52:43,1,2,45.105915069,-123.280403137,1.85,89,63.1,9,1196,2563.03
10/8/18,17:52:48,1,2,45.105915069,-123.280342102,1.95,87.84,63,9,1205,2627.74
10/8/18,17:52:55,1,2,45.105915069,-123.280258178,1.99,90.67,62.2,9,1201,2710.28
10/8/18,17:53:0,1,2,45.105915069,-123.280174255,1.8,94.05,61.9,9,1201,2763.42
10/8/18,17:53:7,1,2,45.10590744,-123.28011322,1.89,86.25,61.9,9,1211,2821.32
10/8/18,17:53:12,1,2,45.105915069,-123.280029296,1.87,86.05,62.9,9,1201,2921.71
10/8/18,17:53:19,1,2,45.105915069,-123.279960632,1.92,86.38,63.8,9,1182,2962.84
10/8/18,17:53:24,1,2,45.105915069,-123.279884338,1.88,87.76,64.2,9,1201,3005.00
10/8/18,17:53:31,1,2,45.105915069,-123.279800415,1.86,87.29,64.2,9,1191,3105.40.
10/8/18,17:53:36,1,2,45.105915069,-123.279716491,1.91,89.52,64.1,9,1177,3166.384
10/8/18,17:53:43,1,2,45.105915069,-123.279670715,0.01,301.67,63.8,9,1191,
3233.,,,,,,,,,,,
10/8/18,17:53:48,1,2,45.10590744,-123.279670715,0.02,104.08,63.7,9,1191,3196.66
10/8/18,17:53:55,1,2,45.10590744,-123.279670715,0.46,267.12,63.6,9,1191,3313.223
10/8/18,17:54:0,1,2,45.10590744,-123.279739379,1.66,267.74,63.3,9,1201,8.06
3,,,,,,,,,,,
10/8/18,17:54:7,1,2,45.105922698,-123.279670715,2.89,38.42,63.2,9,1177,3184.61
10/8/18,17:54:12,1,2,45.105998992,-123.279640197,2.86,6.06,62.8,10,1196,3129.28
10/8/18,17:54:19,1,2,45.106071472,-123.279640197,2.72,4.12,62.4,10,1177,3113.86.
10/8/18,17:54:24,1,2,45.106128692,-123.279701232,2.75,275.74,62.6,9,1191,3135.799
10/8/18,17:54:31,1,2,45.106128692,-123.279769897,1.42,266.64,62.5,9,1201,3145.64
10/8/18,17:54:36,1,2,45.106121063,-123.279769897,0.02,292.95,61.7,9,1191,3110.6
10/8/18,17:54:43,1,2,45.106121063,-123.279785156,0.98,269.79,61.6,9,1177,0
3059,,,,,,,,,,,
10/8/18,17:54:48,1,2,45.106121063,-123.279830932,0.95,269.39,61.6,9,1196,3068.42
10/8/18,17:54:55,1,2,45.106121063,-123.279869079,0.72,271.59,61.3,8,1177,3145.85
10/8/18,17:55:0,1,2,45.106113433,-123.279899597,0.85,269.87,61.3,9,1196,3063.96
10/8/18,17:55:7,1,2,45.106113433,-123.279930114,0.97,269.02,61.3,9,1191,3115.188
10/8/18,17:55:12,1,2,45.106113433,-123.279998779,1.37,268.02,61.5,9,1191,3088.60
10/8/18,17:55:19,1,2,45.106113433,-123.280059814,1.42,267.1,61.5,9,1196,2828.96
10/8/18,17:55:24,1,2,45.106113433,-123.280128479,1.38,270.72,61.7,8,1177,2369.50
10/8/18,17:55:31,1,2,45.106113433,-123.280189514,1.25,268.73,61.8,9,1196,1926.78
10/8/18,17:55:36,1,2,45.106113433,-123.280242919,1.43,273.53,62.2,8,1191,1358.28
10/8/18,17:55:43,1,2,45.106113433,-123.280303955,1.45,269.78,62.4,9,1196,1362.13
10/8/18,17:55:48,1,2,45.106113433,-123.280372619,1.33,271.77,62.5,9,1191, 834.306
10/8/18,17:55:55,1,2,45.106113433,-123.280433654,1.36,275.46,62.5,9,1206, 940.76
10/8/18,17:56:0,1,2,45.106113433,-123.28048706,1.5,271.35,63,8,1196, 798.86
10/8/18,17:56:7,1,2,45.106121063,-123.280548095,1.36,271.2,63.3,9,1196, 805.25
10/8/18,17:56:12,1,2,45.106121063,-123.28061676,1.45,271.04,63.5,9,1196, 952.97
10/8/18,17:56:19,1,2,45.106121063,-123.280662536,1.24,268.56,63.8,8,1196, 762.060
10/8/18,17:56:24,1,2,45.106121063,-123.280731201,1.37,272.25,64.2,8,1191, 827.59
10/8/18,17:56:31,1,2,45.106121063,-123.280792236,1.22,269.95,64.4,9,1196, 861.30
10/8/18,17:56:36,1,2,45.106121063,-123.280845642,1.33,268.68,64.6,8,1201, 909.97
10/8/18,17:56:43,1,2,45.106121063,-123.280906677,1.27,269.93,65.1,8,1191, 950.11
10/8/18,17:56:48,1,2,45.106121063,-123.280960083,1.28,271.28,65.5,8,1196, 968.48
10/8/18,17:56:55,1,2,45.106121063,-123.281036376,1.48,275.1,65.5,8,1191,5.52
1,,,,,,,,,,,
10/8/18,17:57:0,1,2,45.106121063,-123.281105041,1.52,271.36,65.5,8,1177,
1061.,,,,,,,,,,,
10/8/18,17:57:7,1,2,45.106121063,-123.281150817,1.19,273.29,65.5,8,1196,1115.89
10/8/18,17:57:12,1,2,45.106121063,-123.281219482,1.45,270.05,65.6,8,1191,1155.22
10/8/18,17:57:19,1,2,45.106121063,-123.281280517,1.4,268.14,65.5,9,1191,1364.87
10/8/18,17:57:24,1,2,45.106121063,-123.281349182,1.43,270.15,65.6,8,1186,1280.22
10/8/18,17:57:31,1,2,45.106121063,-123.281410217,1.54,271.43,65.4,8,1182,1197.24
10/8/18,17:57:36,1,2,45.106121063,-123.281478881,1.31,268.69,65.3,7,1201,
�������,,,,,,,,,,,
10/8/18,17:57:43,1,2,45.106121063,-123.281539916,1.51,271.28,64.7,7,1196, 820.18
10/8/18,17:57:48,1,2,45.106121063,-123.281608581,1.36,271.37,64.4,8,1191, 643.05
10/8/18,17:57:55,1,2,45.106128692,-123.281669616,1.41,270.1,64.2,7,1196,530.95
,,,,,,,,,,,
10/8/18,17:58:0,1,2,45.106121063,-123.281723022,1.44,266.6,64.4,9,1196, 349.10
10/8/18,17:58:7,1,2,45.106128692,-123.281784057,1.41,272.7,64.4,8,1196, 424.09
10/8/18,17:58:12,1,2,45.106128692,-123.281852722,1.53,272.52,64.3,8,1196, 315.56
10/8/18,17:58:19,1,2,45.106128692,-123.281913757,1.62,272.7,63.9,8,1186, 248.2
10/8/18,17:58:24,1,2,45.106121063,-123.28199768,1.7,268.89,63.2,7,1191, 172.67
10/8/18,17:58:31,1,2,45.106121063,-123.282066345,1.58,269.63,62.7,7,1196, 177.78
10/8/18,17:58:36,1,2,45.106128692,-123.28212738,1.64,268.98,62.3,8,1191, 203.40
10/8/18,17:58:43,1,2,45.106128692,-123.282196044,1.58,271.21,62,8,1148, 241.13
10/8/18,17:58:48,1,2,45.106128692,-123.28225708,1.52,270.06,62,8,1206, 266.17
10/8/18,17:58:55,1,2,45.106128692,-123.282325744,1.47,272.86,61.1,7,1186, 294.00
10/8/18,17:59:0,1,2,45.106128692,-123.28237152,1.47,270.73,60.4,9,1138,309.58
,,,,,,,,,,,
10/8/18,17:59:7,1,2,45.106128692,-123.282440185,1.5,273.14,60.5,7,1186, 348.987
10/8/18,17:59:12,1,2,45.106128692,-123.28250122,1.55,271.62,60,9,1191, 394.93
10/8/18,17:59:19,1,2,45.106128692,-123.282569885,1.63,269.6,59.9,9,1148, 540.56
10/8/18,17:59:24,1,2,45.106128692,-123.28263092,1.47,271.71,59.9,9,1186, 416.02
10/8/18,17:59:31,1,2,45.106128692,-123.282699584,1.48,268.83,60.1,9,1191, 344.04
10/8/18,17:59:36,1,2,45.106136322,-123.28276062,1.54,271.57,59.9,9,1206,0.55
 1,,,,,,,,,,,
10/8/18,17:59:43,1,2,45.106136322,-123.282814025,1.59,271.27,60,9,1201, 191.38
10/8/18,17:59:48,1,2,45.106136322,-123.282875061,1.57,270.43,60.1,9,1201,286.22
,,,,,,,,,,,
10/8/18,17:59:55,1,2,45.106136322,-123.282958984,1.63,270.06,59.4,8,1206, 344.10
10/8/18,18:0:2,1,2,45.106136322,-123.283027648,1.62,269.75,59,9,1206, 164.91
10/8/18,18:0:7,1,2,45.106136322,-123.283073425,1.6,272.73,59,9,1206, 122.74
10/8/18,18:0:12,1,2,45.106136322,-123.28313446,1.56,270.67,58.4,9,1138, 162.50
10/8/18,18:0:19,1,2,45.106136322,-123.283203125,1.62,273.58,58.5,9,1206, 207.26
10/8/18,18:0:24,1,2,45.106136322,-123.283248901,1.56,272.09,59.1,9,1143, 253.92
10/8/18,18:0:31,1,2,45.106136322,-123.283317565,1.63,271.7,58.7,9,1191, 304.64
10/8/18,18:0:36,1,2,45.106136322,-123.283378601,1.66,268.57,58.6,9,1206, 348.65
10/8/18,18:0:43,1,2,45.106136322,-123.283447265,1.56,272.35,58.8,9,1191, 390.69
10/8/18,18:0:48,1,2,45.106136322,-123.28351593,1.49,270.69,59.2,8,1143, 446.12
10/8/18,18:0:55,1,2,45.106136322,-123.283561706,1.62,272.76,59.6,9,1191, 496.28
10/8/18,18:1:0,1,2,45.106136322,-123.283622741,1.48,267.72,59.8,8,1133, 550.93
10/8/18,18:1:7,1,2,45.106136322,-123.283691406,1.62,271.9,60.1,9,1206,9.67
 ,,,,,,,,,,,
10/8/18,18:1:12,1,2,45.106136322,-123.283737182,1.57,268.32,60.8,9,1143, 684.49
10/8/18,18:1:20,1,2,45.106136322,-123.283821105,1.58,270.8,60.9,9,1196, 724.05
10/8/18,18:1:26,1,2,45.106136322,-123.28388977,1.54,270.39,61,9,1201,2.4
 ,,,,,,,,,,,
10/8/18,18:1:32,1,2,45.106136322,-123.283950805,1.6,273.93,61.2,9,1196, 829.88
10/8/18,18:1:38,1,2,45.106136322,-123.284004211,1.53,268.1,61.7,9,1196, 900.69
10/8/18,18:1:44,1,2,45.106143951,-123.284034729,0.13,35.99,62.2,8,1196, 991.56
10/8/18,18:1:50,1,2,45.106143951,-123.284034729,0.01,209.3,62.3,8,1196,1018.90
10/8/18,18:1:55,1,2,45.106143951,-123.284034729,1.1,269.13,62.3,8,1201, 978.56
10/8/18,18:2:0,1,2,45.106143951,-123.284095764,1.47,269.22,62.9,9,1138,1060.477
10/8/18,18:2:8,1,2,45.106143951,-123.284164428,1.39,265.77,63.6,9,1206,1106.94
10/8/18,18:2:14,1,2,45.106143951,-123.284194946,0.17,299.89,64,9,1201,1202.141
10/8/18,18:2:19,1,2,45.106143951,-123.284194946,0.64,263.59,64.4,9,1143,1163.75
10/8/18,18:2:24,1,2,45.10615158,-123.28426361,1.58,270.97,64.7,9,1143,1203.96
10/8/18,18:2:32,1,2,45.106143951,-123.284339904,1.44,271.82,64.6,9,1196,1262.88
,,,,,,,,,,,
10/8/18,18:2:38,1,2,45.106143951,-123.284408569,1.54,269.81,65,9,1196,1318.02
10/8/18,18:2:44,1,2,45.106143951,-123.284454345,1.43,269.23,65.4,9,1196,1402.79
10/8/18,18:2:50,1,2,45.106143951,-123.28452301,1.6,269.18,65.6,9,1201,1451.754
10/8/18,18:2:56,1,2,45.106143951,-123.284584045,1.46,270.35,66,9,1192,1536.67
10/8/18,18:3:0,1,2,45.10615158,-123.284637451,1.43,273.08,66.2,9,1143,1586.43
10/8/18,18:3:8,1,2,45.10615158,-123.284713745,1.54,271.57,66.1,9,1192,1640.40
10/8/18,18:3:14,1,2,45.10615158,-123.28476715,1.59,269.96,66.1,9,1206,1713.10
10/8/18,18:3:20,1,2,45.10615158,-123.284828186,1.44,269.99,65.9,8,1201,
�������,,,,,,,,,,,
10/8/18,18:3:26,1,2,45.10615158,-123.28489685,1.49,271.52,66.2,7,1177,1818.53
,,,,,,,,,,,
10/8/18,18:3:32,1,2,45.10615158,-123.284912109,0.07,131.13,66.4,8,1191,1872.55
10/8/18,18:3:38,1,2,45.106143951,-123.284912109,0.15,258.8,66.4,8,1211,8.96
1,,,,,,,,,,,
10/8/18,18:3:44,1,2,45.106143951,-123.284912109,0.06,131.35,66.4,9,1196,1897.99
10/8/18,18:3:50,1,2,45.106143951,-123.284912109,0.44,94.08,66.4,9,1191,4.23
1,,,,,,,,,,,
10/8/18,18:3:56,1,2,45.10615158,-123.284912109,0.54,319.6,66.4,8,1196,1887.85
10/8/18,18:4:2,1,2,45.106201171,-123.284912109,0.81,353.48,65.2,9,1201,1833.95
10/8/18,18:4:8,1,2,45.10622406,-123.284881591,1.92,86.36,65.3,9,1196,1932.35
10/8/18,18:4:14,1,2,45.106243133,-123.284866333,0.04,31.69,65,9,1201,1928.94
10/8/18,18:4:19,1,2,45.106243133,-123.284866333,0.02,81.76,64.7,10,1148,1913.48
10/8/18,18:4:24,1,2,45.106250762,-123.284812927,1.41,84.86,64.3,9,1148,1735.88
10/8/18,18:4:32,1,2,45.106258392,-123.284751892,1.52,91.96,64.3,9,1196,1804.87
10/8/18,18:4:38,1,2,45.106266021,-123.284683227,1.46,97.49,64.1,9,1191,1809.19
10/8/18,18:4:43,1,2,45.106266021,-123.284637451,1.61,93.5,64,9,1211,1825.12
10/8/18,18:4:48,1,2,45.106266021,-123.284568786,1.6,96.78,63.3,9,1148,1805.72
,,,,,,,,,,,
10/8/18,18:4:55,1,2,45.106266021,-123.284507751,1.57,89.51,63.1,9,1148,1823.19
10/8/18,18:5:2,1,2,45.106273651,-123.284439086,1.46,90.74,63.3,9,1201,1823.38
10/8/18,18:5:8,1,2,45.106273651,-123.284378051,1.66,92.59,63.3,9,1206,1813.43
10/8/18,18:5:12,1,2,45.10628128,-123.284324645,1.51,92.66,63.2,9,1143,1831.88
10/8/18,18:5:20,1,2,45.10628128,-123.28426361,1.56,90.77,62.7,9,1196,1845.17
10/8/18,18:5:26,1,2,45.10628128,-123.284194946,1.48,85.68,62.8,9,1201,1850.09
10/8/18,18:5:32,1,2,45.10628128,-123.284133911,1.45,84.92,62.5,8,1186,1848.408
10/8/18,18:5:36,1,2,45.10628128,-123.284080505,1.4,89.14,62.7,8,1148,1851.032
10/8/18,18:5:44,1,2,45.10628128,-123.28401947,1.49,99.52,62.6,8,1201,3.58
1,,,,,,,,,,,
10/8/18,18:5:50,1,2,45.106273651,-123.283950805,1.59,93.04,62.3,8,1201,1870.35
10/8/18,18:5:56,1,2,45.106273651,-123.28388977,1.6,89.7,62.2,8,1201,1869.05
10/8/18,18:6:2,1,2,45.106273651,-123.283821105,1.46,94.65,62,8,1191,1861.921
10/8/18,18:6:8,1,2,45.106273651,-123.283775329,1.61,93.35,62.2,9,1201,1854.86
10/8/18,18:6:14,1,2,45.106273651,-123.283706665,1.48,97.07,62.2,8,1196,1887.26
10/8/18,18:6:20,1,2,45.106266021,-123.283645629,1.35,90.02,62.2,9,1191,1890.26
10/8/18,18:6:26,1,2,45.106266021,-123.283576965,1.56,87.43,62.1,8,1206,1892.24
10/8/18,18:6:31,1,2,45.106266021,-123.283531188,1.49,93.47,61.8,8,1148,1890.16
10/8/18,18:6:38,1,2,45.106266021,-123.283462524,1.5,89.86,61.4,8,1206,1881.62
10/8/18,18:6:44,1,2,45.106266021,-123.283401489,1.56,90.58,61.3,8,1206,1904.48
10/8/18,18:6:50,1,2,45.106266021,-123.283332824,1.61,88.75,60.6,9,1191,9.96
,,,,,,,,,,,
10/8/18,18:6:56,1,2,45.106266021,-123.283248901,1.71,90.3,60.1,9,1191,1913.70
10/8/18,18:7:2,1,2,45.106266021,-123.283187866,1.62,94.93,59.6,8,1196,1916.52
10/8/18,18:7:8,1,2,45.106266021,-123.28313446,1.6,99.19,59.7,9,1201,1917.59
10/8/18,18:7:14,1,2,45.106258392,-123.283073425,1.56,95.32,59.6,9,1201,1927.64
10/8/18,18:7:20,1,2,45.106250762,-123.28300476,1.59,96.2,59.4,9,1191,1923.35
10/8/18,18:7:26,1,2,45.106250762,-123.282943725,1.55,92.74,59.4,9,1177,1923.56
10/8/18,18:7:32,1,2,45.106250762,-123.282890319,1.5,93.86,59.6,9,1206,1938.51
10/8/18,18:7:38,1,2,45.106250762,-123.282829284,1.58,87.05,59.9,9,1201,1938.48
10/8/18,18:7:44,1,2,45.106250762,-123.28276062,2.22,89.79,60.1,9,1196,1883.11
