date,time,fix,quality,lat,long,speed(k),angle,elev,sats,pyron,weight
date,time,fix,quality,lat,long,speed(k),angle,elev,sats,pyron,weight

10/1/18,18:56:3,1,0,44.846916198, -123.280632019,4.44,128.48,0.00,0,1307.00,
10/1/18,18:56:6,1,1,44.846881866, -123.280563354,4.44,128.48,107.00,10,1215.00,
10/1/18,18:56:14,1,1,44.846794128, -123.280357360,4.82,119.58,106.70,10,1283.00,
10/1/18,18:56:18,1,1,44.846744537, -123.280242919,4.82,119.58,106.50,10,1292.00,
10/1/18,18:56:26,1,1,44.846656799, -123.280029296,4.65,127.35,106.30,10,1283.00,
10/1/18,18:56:31,1,1,44.846599578, -123.279899597,4.65,127.35,106.10,10,1288.00,
10/1/18,18:56:38,1,1,44.846508026, -123.279716491,4.78,128.71,105.40,10,1298.00,
10/1/18,18:56:43,1,1,44.846435546, -123.279609680,4.80,137.70,105.40,10,1303.00,
10/1/18,18:56:47,1,1,44.846363067, -123.279541015,4.84,147.65,105.00,10,1177.00,
10/1/18,18:56:55,1,1,44.846199035, -123.279441833,4.84,147.65,104.50,10,1288.00,
10/1/18,18:57:3,1,1,44.846019744, -123.279380798,4.78,165.44,103.50,10,1289.00,
10/1/18,18:57:7,1,1,44.845939636, -123.279342651,4.78,165.44,103.10,10,1293.00,
10/1/18,18:57:12,1,1,44.845817565, -123.279266357,4.78,165.44,102.20,10,1289.00,
10/1/18,18:57:16,1,1,44.845752716, -123.279167175,4.97,130.43,101.20,10,1177.00,
10/1/18,18:57:28,1,1,44.845638275, -123.278854370,4.97,130.43,97.20,10,1303.00,
10/1/18,18:57:32,1,1,44.845588684, -123.278724670,4.70,123.49,96.90,10,1298.00,
10/1/18,18:57:38,1,1,44.845516204, -123.278633117,4.73,137.61,96.90,10,1303.00,
10/1/18,18:57:42,1,1,44.845458984, -123.278533935,4.79,136.91,97.20,9,1250.00,.66ÿÿÿÿ
10/1/18,18:57:48,1,1,44.845359802, -123.278419494,4.79,136.91,96.20,10,1230.00,34ÿÿÿÿÿ
10/1/18,18:57:54,1,1,44.845264434, -123.278274536,4.86,130.12,95.90,10,1221.00,ÿÿÿÿÿÿÿ
10/1/18,18:58:0,1,1,44.845165252, -123.278106689,4.73,129.33,93.40,10,1279.00, 387.4
10/1/18,18:58:6,1,1,44.845092773, -123.277992248,4.78,131.15,92.60,10,1260.00, 326.26
10/1/18,18:58:12,1,1,44.845012664, -123.277847290,4.84,132.72,91.90,10,1245.00, 368.18
10/1/18,18:58:18,1,1,44.844921112, -123.277717590,4.83,132.20,90.40,10,1259.00, 378.80
10/1/18,18:58:24,1,1,44.844814300, -123.277542114,4.88,127.54,88.50,10,1254.00, 169.63
10/1/18,18:58:34,1,1,44.844726562, -123.277313232,4.73,120.98,86.50,10,1308.00, 252.
10/1/18,18:58:36,1,1,44.844711303, -123.277244567,4.15,104.08,86.30,10,1230.00, 355.53
10/1/18,18:58:42,1,1,44.844703674, -123.277099609,4.20,99.37,84.60,10,1225.00, 277.58
10/1/18,18:58:50,1,1,44.844703674, -123.276939392,3.85,98.01,82.30,10,1298.00, 365.84
10/1/18,18:58:54,1,1,44.844692230, -123.276855468,2.93,93.55,81.30,10,1220.00, 384.80
10/1/18,18:59:2,1,2,44.844684600, -123.276710510,2.90,94.05,80.10,10,1293.00, 358.12
10/1/18,18:59:6,1,2,44.844669342, -123.276611328,3.20,100.32,80.10,10,1284.00, 379.01
10/1/18,18:59:12,1,2,44.844654083, -123.276435852,4.41,89.83,77.30,10,1259.00, 231.32
10/1/18,18:59:18,1,2,44.844646453, -123.276268005,4.41,89.83,76.60,10,1230.00, 312.16
10/1/18,18:59:24,1,2,44.844627380, -123.276107788,2.84,127.30,76.50,9,1284.00, 267.85
10/1/18,18:59:30,1,2,44.844596862, -123.276023864,3.15,132.64,75.90,10,1225.00, 317.772
10/1/18,18:59:36,1,2,44.844570159, -123.275909423,2.77,107.88,75.30,10,1259.00, 149.45
10/1/18,18:59:43,1,2,44.844570159, -123.275894165,0.07,105.48,74.60,10,1259.00, 235.482
10/1/18,18:59:48,1,2,44.844570159, -123.275894165,0.07,105.48,74.60,10,1293.00, 237.30ÿ
10/1/18,18:59:54,1,2,44.844570159, -123.275894165,0.01,143.83,74.60,10,1240.00, 237.30ÿ
10/1/18,19:0:0,1,2,44.844570159, -123.275894165,0.03,181.86,74.60,10,1284.00, 237.30ÿ
10/1/18,19:0:8,1,2,44.844570159, -123.275894165,0.02,203.10,74.60,10,1279.00, 237.30ÿ
10/1/18,19:0:12,1,2,44.844562530, -123.275894165,0.02,203.10,74.60,10,1270.00, 237.30ÿ
10/1/18,19:0:20,1,2,44.844562530, -123.275894165,0.03,212.98,74.60,10,1293.00, 237.30ÿ
10/1/18,19:0:24,1,2,44.844562530, -123.275894165,0.03,279.45,74.60,10,1235.00, 237.30ÿ
10/1/18,19:0:30,1,2,44.844562530, -123.275894165,0.03,279.45,74.60,10,1278.00, 237.30ÿ
10/1/18,19:0:36,1,2,44.844562530, -123.275894165,0.03,272.79,74.50,10,1264.00, 237.30ÿ
10/1/18,19:0:42,1,2,44.844562530, -123.275894165,0.03,272.79,74.50,10,1235.00, 237.30ÿ
10/1/18,19:0:48,1,2,44.844562530, -123.275894165,0.03,222.77,74.50,10,1284.00, 237.30ÿ
10/1/18,19:0:55,1,2,44.844562530, -123.275894165,0.02,49.41,74.50,10,1254.00, 237.30ÿ
10/1/18,19:1:0,1,2,44.844562530, -123.275894165,0.02,230.24,74.50,10,1235.00, 237.30ÿ
10/1/18,19:1:6,1,2,44.844562530, -123.275894165,0.02,230.24,74.60,10,1259.00, 237.30ÿ
10/1/18,19:1:12,1,2,44.844562530, -123.275894165,0.02,230.24,74.60,10,1279.00, 237.30ÿ
10/1/18,19:1:16,1,2,44.844562530, -123.275894165,0.03,48.14,74.60,10,1259.00, 237.30ÿ
10/1/18,19:1:24,1,2,44.844562530, -123.275894165,0.02,291.87,74.60,10,1264.00, 237.30ÿ
10/1/18,19:1:31,1,2,44.844562530, -123.275894165,0.01,122.31,74.70,10,1249.00, 237.30ÿ
10/1/18,19:1:36,1,2,44.844562530, -123.275894165,0.01,122.31,74.70,10,1283.00, 237.30ÿ
10/1/18,19:1:42,1,2,44.844562530, -123.275894165,0.02,258.54,74.70,10,1249.00, 237.30ÿ
10/1/18,19:1:48,1,2,44.844562530, -123.275894165,0.01,19.76,74.70,10,1230.00, 237.30ÿ
10/1/18,19:1:54,1,2,44.844562530, -123.275894165,0.01,40.28,76.30,10,1279.00, 237.30ÿ
10/1/18,19:2:0,1,2,44.844562530, -123.275894165,0.02,38.71,76.50,10,1259.00, 237.30ÿ
10/1/18,19:2:6,1,2,44.844562530, -123.275894165,0.01,43.76,76.50,10,1259.00, 237.30ÿ
10/1/18,19:2:12,1,2,44.844562530, -123.275894165,0.01,35.35,76.50,10,1240.00, 237.30ÿ
10/1/18,19:2:18,1,2,44.844562530, -123.275894165,0.01,36.30,76.50,10,1225.00, 237.30ÿ
10/1/18,19:2:24,1,2,44.844562530, -123.275894165,0.01,224.47,76.50,10,1249.00, 237.30ÿ
10/1/18,19:2:30,1,2,44.844562530, -123.275894165,0.00,153.66,76.40,10,1264.00, 237.30ÿ
10/1/18,19:2:36,1,2,44.844562530, -123.275894165,0.00,153.66,76.40,10,1254.00, 237.30ÿ
10/1/18,19:2:44,1,2,44.844562530, -123.275894165,0.02,28.24,76.40,10,1268.00, 237.30ÿ
10/1/18,19:2:47,1,2,44.844562530, -123.275894165,0.01,41.48,76.40,10,1259.00, 237.30ÿ
10/1/18,19:2:54,1,2,44.844562530, -123.275894165,0.02,21.59,76.30,10,1215.00, 237.30ÿ
10/1/18,19:3:0,1,2,44.844562530, -123.275894165,0.00,109.19,76.30,10,1249.00, 237.30ÿ
10/1/18,19:3:6,1,2,44.844562530, -123.275894165,0.02,20.27,76.40,10,1244.00, 237.30ÿ
10/1/18,19:3:12,1,2,44.844562530, -123.275894165,0.01,137.40,76.40,10,1254.00, 237.30ÿ
10/1/18,19:3:18,1,2,44.844562530, -123.275894165,0.01,14.89,76.40,10,1215.00, 237.30ÿ
10/1/18,19:3:24,1,2,44.844562530, -123.275894165,0.01,295.67,76.40,10,1225.00, 237.30ÿ
10/1/18,19:3:30,1,2,44.844562530, -123.275894165,0.03,249.37,76.40,10,1267.00, 237.30ÿ
10/1/18,19:3:36,1,2,44.844562530, -123.275894165,0.01,152.34,76.50,10,1239.00, 237.30ÿ
10/1/18,19:3:42,1,2,44.844562530, -123.275894165,0.02,31.73,76.50,10,1210.00, 237.30ÿ
10/1/18,19:3:48,1,2,44.844562530, -123.275894165,0.01,212.46,76.50,10,1234.00, 237.30ÿ
10/1/18,19:3:55,1,2,44.844562530, -123.275894165,0.01,55.25,76.60,10,1243.00, 237.30ÿ
10/1/18,19:4:0,1,2,44.844562530, -123.275894165,0.01,55.25,76.60,10,1220.00, 237.30ÿ
10/1/18,19:4:8,1,2,44.844562530, -123.275894165,0.02,127.99,76.60,10,1253.00, 237.30ÿ
10/1/18,19:4:12,1,2,44.844562530, -123.275894165,0.02,152.85,76.60,10,1243.00, 237.30ÿ
10/1/18,19:4:22,1,2,44.844562530, -123.275894165,0.02,152.85,76.70,10,1283.00, 237.30ÿ
10/1/18,19:4:24,1,2,44.844562530, -123.275894165,0.02,152.85,76.70,10,1249.00, 237.30ÿ
10/1/18,19:4:30,1,2,44.844562530, -123.275894165,0.02,196.78,76.70,10,1230.00, 237.30ÿ
10/1/18,19:4:36,1,2,44.844562530, -123.275894165,0.02,359.40,76.70,10,1249.00, 237.30ÿ
10/1/18,19:4:42,1,2,44.844562530, -123.275894165,0.02,359.40,77.40,10,1215.00, 237.30ÿ
10/1/18,19:4:51,1,2,44.844562530, -123.275894165,0.01,215.80,77.50,10,1284.00, 237.30ÿ
10/1/18,19:4:55,1,2,44.844562530, -123.275894165,0.02,214.78,77.50,10,1250.00, 237.30ÿ
10/1/18,19:5:0,1,2,44.844562530, -123.275894165,0.02,214.78,77.50,10,1259.00, 237.30ÿ
10/1/18,19:5:8,1,2,44.844562530, -123.275894165,0.01,255.90,77.50,10,1263.00, 237.30ÿ
10/1/18,19:5:12,1,2,44.844554901, -123.275894165,0.01,75.34,77.50,10,1245.00, 237.30ÿ
10/1/18,19:5:23,1,2,44.844554901, -123.275878906,0.01,75.34,77.20,10,1283.00, 237.30ÿ
10/1/18,19:5:24,1,2,44.844554901, -123.275878906,0.01,75.34,77.10,10,1230.00, 237.30ÿ
10/1/18,19:5:30,1,2,44.844554901, -123.275878906,0.02,332.72,77.00,10,1249.00, 237.30ÿ
10/1/18,19:5:38,1,2,44.844554901, -123.275878906,0.00,261.88,77.00,10,1264.00, 237.30ÿ
10/1/18,19:5:43,1,2,44.844554901, -123.275878906,0.02,320.15,77.10,10,1245.00, 237.30ÿ
10/1/18,19:5:48,1,2,44.844554901, -123.275878906,0.01,53.64,77.20,10,1230.00, 237.30ÿ
10/1/18,19:5:56,1,2,44.844554901, -123.275878906,0.01,53.64,77.20,10,1269.00, 237.30ÿ
10/1/18,19:6:0,1,2,44.844554901, -123.275878906,0.02,223.44,77.20,10,1250.00, 237.30ÿ
10/1/18,19:6:8,1,2,44.844554901, -123.275878906,0.01,20.37,77.20,10,1263.00, 237.30ÿ
10/1/18,19:6:12,1,2,44.844554901, -123.275878906,0.01,275.21,77.30,10,1250.00, 237.30ÿ
10/1/18,19:6:18,1,2,44.844554901, -123.275878906,0.00,278.45,77.30,10,1225.00, 237.30ÿ
10/1/18,19:6:24,1,2,44.844554901, -123.275878906,0.01,300.98,77.30,10,1216.00, 237.30ÿ
10/1/18,19:6:30,1,2,44.844554901, -123.275878906,0.00,240.31,77.30,10,1245.00, 237.30ÿ
10/1/18,19:6:36,1,2,44.844554901, -123.275878906,0.02,252.26,77.30,10,1250.00, 237.30ÿ
10/1/18,19:6:42,1,2,44.844554901, -123.275878906,0.02,249.56,77.30,10,1211.00, 237.30ÿ
10/1/18,19:6:48,1,2,44.844554901, -123.275878906,0.02,249.56,77.30,10,1250.00, 237.30ÿ
10/1/18,19:6:55,1,2,44.844554901, -123.275878906,0.02,278.17,77.40,10,1250.00, 237.30ÿ
10/1/18,19:7:0,1,2,44.844554901, -123.275878906,0.02,100.08,77.40,10,1220.00, 237.30ÿ
10/1/18,19:7:6,1,2,44.844554901, -123.275878906,0.02,276.32,77.40,10,1220.00, 237.30ÿ
10/1/18,19:7:12,1,2,44.844554901, -123.275878906,0.02,93.88,77.40,10,1245.00, 237.30ÿ
10/1/18,19:7:19,1,2,44.844554901, -123.275878906,0.03,113.97,77.40,10,1270.00, 237.30ÿ
10/1/18,19:7:24,1,2,44.844554901, -123.275878906,0.03,89.66,77.40,10,1226.00, 237.30ÿ
10/1/18,19:7:31,1,2,44.844554901, -123.275878906,0.02,276.91,77.50,10,1245.00, 237.30ÿ
10/1/18,19:7:36,1,2,44.844554901, -123.275878906,0.02,276.91,77.50,10,1250.00, 237.30ÿ
10/1/18,19:7:42,1,2,44.844554901, -123.275878906,0.01,91.59,77.50,10,1240.00, 237.30ÿ
10/1/18,19:7:48,1,2,44.844554901, -123.275878906,0.01,279.15,77.50,10,1221.00, 237.30ÿ
10/1/18,19:7:54,1,2,44.844554901, -123.275878906,0.03,262.38,77.50,10,1264.00, 237.30ÿ
10/1/18,19:8:3,1,2,44.844554901, -123.275878906,0.02,334.98,77.50,10,1269.00, 237.30ÿ
10/1/18,19:8:7,1,2,44.844554901, -123.275878906,0.02,223.16,77.50,10,1270.00, 237.30ÿ
10/1/18,19:8:12,1,2,44.844554901, -123.275878906,0.01,315.72,77.60,10,1245.00, 237.30ÿ
10/1/18,19:8:19,1,2,44.844554901, -123.275878906,0.01,315.72,77.60,10,1265.00, 237.30ÿ
10/1/18,19:8:24,1,2,44.844554901, -123.275878906,0.03,46.58,77.60,10,1245.00, 237.30ÿ
10/1/18,19:8:31,1,2,44.844554901, -123.275878906,0.03,46.58,77.60,10,1250.00, 237.30ÿ
10/1/18,19:8:36,1,2,44.844554901, -123.275878906,0.02,56.05,77.60,10,1250.00, 237.30ÿ
10/1/18,19:8:44,1,2,44.844554901, -123.275878906,0.01,142.80,77.60,10,1259.00, 237.30ÿ
10/1/18,19:8:48,1,2,44.844554901, -123.275878906,0.01,139.08,77.60,10,1240.00, 237.30ÿ
10/1/18,19:8:54,1,2,44.844554901, -123.275878906,0.04,230.16,77.60,10,1225.00, 237.30ÿ
10/1/18,19:9:0,1,2,44.844554901, -123.275878906,0.01,67.79,77.60,10,1254.00, 237.30ÿ
10/1/18,19:9:6,1,2,44.844554901, -123.275878906,0.01,167.67,77.60,10,1245.00, 237.30ÿ
10/1/18,19:9:12,1,2,44.844554901, -123.275878906,0.02,15.06,77.60,10,1245.00, 237.30ÿ
10/1/18,19:9:18,1,2,44.844554901, -123.275878906,0.02,33.14,77.60,10,1235.00, 237.30ÿ
10/1/18,19:9:24,1,2,44.844554901, -123.275878906,0.01,113.39,77.60,10,1235.00, 237.30ÿ
10/1/18,19:9:31,1,2,44.844554901, -123.275878906,0.01,137.08,77.60,10,1235.00, 237.30ÿ
10/1/18,19:9:36,1,2,44.844554901, -123.275878906,0.01,192.41,77.60,10,1240.00, 237.30ÿ
10/1/18,19:9:43,1,2,44.844554901, -123.275878906,0.03,1.05,77.60,10,1245.00, 237.30ÿ
10/1/18,19:9:50,1,2,44.844554901, -123.275878906,0.02,151.32,77.60,10,1264.00, 237.30ÿ
10/1/18,19:9:54,1,2,44.844554901, -123.275878906,0.03,55.08,77.60,10,1240.00, 237.30ÿ
10/1/18,19:10:0,1,2,44.844554901, -123.275878906,0.01,291.32,77.60,10,1254.00, 237.30ÿ
10/1/18,19:10:6,1,2,44.844554901, -123.275878906,0.01,318.20,77.70,10,1240.00, 237.30ÿ
10/1/18,19:10:12,1,2,44.844554901, -123.275878906,0.00,86.49,77.70,10,1255.00, 237.30ÿ
10/1/18,19:10:19,1,2,44.844554901, -123.275878906,0.00,86.49,77.70,10,1270.00, 237.30ÿ
10/1/18,19:10:24,1,2,44.844554901, -123.275878906,0.01,45.56,77.70,10,1255.00, 237.30ÿ
10/1/18,19:10:31,1,2,44.844554901, -123.275878906,0.01,115.70,77.70,10,1255.00, 237.30ÿ
10/1/18,19:10:36,1,2,44.844554901, -123.275878906,0.03,311.27,77.70,10,1220.00, 237.30ÿ
10/1/18,19:10:43,1,2,44.844554901, -123.275878906,0.02,122.93,77.70,10,1250.00, 237.30ÿ
10/1/18,19:10:52,1,2,44.844554901, -123.275878906,0.02,122.93,77.80,10,1264.00, 237.30ÿ
10/1/18,19:10:54,1,2,44.844554901, -123.275878906,0.02,122.93,77.80,10,1211.00, 237.30ÿ
10/1/18,19:11:0,1,2,44.844554901, -123.275878906,0.01,108.34,77.80,10,1245.00, 237.30ÿ
10/1/18,19:11:8,1,2,44.844554901, -123.275878906,0.01,93.51,77.80,10,1254.00, 237.30ÿ
10/1/18,19:11:14,1,2,44.844554901, -123.275878906,0.01,93.51,77.80,10,1260.00, 237.30ÿ
10/1/18,19:11:20,1,2,44.844554901, -123.275878906,0.01,93.51,77.80,10,1255.00, 237.30ÿ
10/1/18,19:11:24,1,2,44.844554901, -123.275878906,0.01,93.51,77.80,10,1211.00, 237.30ÿ
10/1/18,19:11:31,1,2,44.844554901, -123.275878906,0.03,138.57,77.80,10,1236.00, 237.30ÿ
10/1/18,19:11:36,1,2,44.844554901, -123.275878906,0.02,192.27,77.80,10,1240.00, 237.30ÿ
10/1/18,19:11:42,1,2,44.844554901, -123.275878906,0.02,321.00,77.80,10,1240.00, 237.30ÿ
10/1/18,19:11:48,1,2,44.844554901, -123.275878906,0.02,299.40,77.80,10,1201.00, 237.30ÿ
10/1/18,19:11:54,1,2,44.844554901, -123.275878906,0.02,299.40,77.80,10,1255.00, 237.30ÿ
10/1/18,19:12:2,1,2,44.844554901, -123.275878906,0.01,147.57,77.80,10,1260.00, 237.30ÿ
10/1/18,19:12:7,1,2,44.844554901, -123.275878906,0.02,244.37,77.90,10,1236.00, 237.30ÿ
10/1/18,19:12:14,1,2,44.844554901, -123.275878906,0.02,244.37,77.90,10,1250.00, 237.30ÿ
10/1/18,19:12:19,1,2,44.844554901, -123.275878906,0.02,133.92,77.90,10,1255.00, 237.30ÿ
10/1/18,19:12:24,1,2,44.844554901, -123.275878906,0.02,133.92,77.90,10,1240.00, 237.30ÿ
10/1/18,19:12:30,1,2,44.844554901, -123.275878906,0.02,133.92,77.90,10,1255.00, 237.30ÿ
10/1/18,19:12:36,1,2,44.844554901, -123.275878906,0.01,80.85,78.00,10,1250.00, 237.30ÿ
10/1/18,19:12:42,1,2,44.844554901, -123.275878906,0.02,111.84,78.00,10,1231.00, 237.30ÿ
10/1/18,19:12:48,1,2,44.844554901, -123.275878906,0.01,291.81,78.00,10,1250.00, 237.30ÿ
10/1/18,19:12:59,1,2,44.844547271, -123.275878906,0.02,294.80,78.00,10,1265.00, 237.30ÿ
10/1/18,19:13:0,1,2,44.844547271, -123.275878906,0.02,294.80,78.00,10,1221.00, 237.30ÿ
10/1/18,19:13:6,1,2,44.844547271, -123.275878906,0.01,242.83,78.00,10,1250.00, 237.30ÿ
10/1/18,19:13:12,1,2,44.844554901, -123.275878906,0.02,311.38,78.40,10,1250.00, 237.30ÿ
10/1/18,19:13:18,1,2,44.844554901, -123.275878906,0.01,232.16,78.60,10,1197.00, 237.30ÿ
10/1/18,19:13:24,1,2,44.844554901, -123.275878906,0.02,257.86,78.50,10,1230.00, 237.30ÿ
10/1/18,19:13:31,1,2,44.844554901, -123.275878906,0.00,232.77,78.50,10,1250.00, 237.30ÿ
10/1/18,19:13:38,1,2,44.844554901, -123.275878906,0.01,221.91,78.60,10,1250.00, 237.30ÿ
10/1/18,19:13:43,1,2,44.844547271, -123.275878906,0.02,58.70,78.50,10,1236.00, 237.30ÿ
10/1/18,19:13:48,1,2,44.844547271, -123.275878906,0.01,156.52,78.40,10,1221.00, 237.30ÿ
10/1/18,19:13:54,1,2,44.844547271, -123.275878906,0.01,156.52,78.40,10,1250.00, 237.30ÿ
10/1/18,19:14:2,1,2,44.844547271, -123.275878906,0.01,39.42,78.40,10,1245.00, 237.30ÿ
10/1/18,19:14:6,1,2,44.844547271, -123.275878906,0.01,45.40,78.50,10,1216.00, 237.30ÿ
10/1/18,19:14:12,1,2,44.844547271, -123.275878906,0.02,156.51,78.40,10,1221.00, 237.30ÿ
10/1/18,19:14:18,1,2,44.844547271, -123.275878906,0.02,254.91,78.40,10,1201.00, 237.30ÿ
10/1/18,19:14:24,1,2,44.844547271, -123.275878906,0.01,86.36,78.40,10,1216.00, 237.30ÿ
10/1/18,19:14:30,1,2,44.844547271, -123.275878906,0.02,177.64,78.40,10,1236.00, 237.30ÿ
10/1/18,19:14:36,1,2,44.844547271, -123.275878906,0.01,224.90,78.40,10,1245.00, 237.30ÿ
10/1/18,19:14:44,1,2,44.844547271, -123.275878906,0.02,36.02,78.30,10,1250.00, 237.30ÿ
10/1/18,19:14:48,1,2,44.844547271, -123.275878906,0.02,36.02,78.40,10,1245.00, 237.30ÿ
10/1/18,19:14:55,1,2,44.844547271, -123.275878906,0.01,268.04,78.40,10,1231.00, 237.30ÿ
10/1/18,19:15:2,1,2,44.844547271, -123.275878906,0.02,316.12,78.40,10,1250.00, 237.30ÿ
10/1/18,19:15:7,1,2,44.844547271, -123.275878906,0.01,284.21,78.40,10,1236.00, 237.30ÿ
10/1/18,19:15:15,1,2,44.844547271, -123.275878906,0.01,284.21,78.50,10,1245.00, 237.30ÿ
10/1/18,19:15:19,1,2,44.844547271, -123.275878906,0.01,284.21,78.50,10,1231.00, 237.30ÿ
10/1/18,19:15:26,1,2,44.844547271, -123.275878906,0.01,56.52,78.50,10,1245.00, 237.30ÿ
10/1/18,19:15:30,1,2,44.844547271, -123.275878906,0.01,288.38,78.50,10,1211.00, 237.30ÿ
10/1/18,19:15:36,1,2,44.844547271, -123.275878906,0.01,28.81,78.50,10,1240.00, 237.30ÿ
10/1/18,19:15:43,1,2,44.844547271, -123.275878906,0.01,308.31,78.50,10,1225.00, 237.30ÿ
10/1/18,19:15:48,1,2,44.844547271, -123.275878906,0.01,77.36,78.50,10,1186.00, 237.30ÿ
10/1/18,19:15:54,1,2,44.844547271, -123.275878906,0.01,313.48,78.50,10,1196.00, 237.30ÿ
10/1/18,19:16:2,1,2,44.844547271, -123.275878906,0.01,39.69,78.60,10,1235.00, 237.30ÿ
10/1/18,19:16:6,1,2,44.844547271, -123.275878906,0.01,159.05,78.60,10,1211.00, 237.30ÿ
10/1/18,19:16:12,1,2,44.844547271, -123.275878906,0.01,159.05,78.60,10,1231.00, 237.30ÿ
10/1/18,19:16:19,1,2,44.844547271, -123.275878906,0.01,159.05,78.60,10,1231.00, 237.30ÿ
10/1/18,19:16:24,1,2,44.844547271, -123.275878906,0.02,301.04,78.60,10,1235.00, 237.30ÿ
10/1/18,19:16:31,1,2,44.844547271, -123.275878906,0.03,80.94,78.60,10,1235.00, 237.30ÿ
10/1/18,19:16:36,1,2,44.844547271, -123.275878906,0.02,118.31,78.60,10,1240.00, 237.30ÿ
10/1/18,19:16:42,1,2,44.844547271, -123.275878906,0.02,95.00,78.70,10,1226.00, 237.30ÿ
10/1/18,19:16:48,1,2,44.844547271, -123.275878906,0.02,128.92,78.70,10,1221.00, 237.30ÿ
10/1/18,19:16:56,1,2,44.844547271, -123.275878906,0.03,107.29,78.70,10,1240.00, 237.30ÿ
10/1/18,19:17:0,1,2,44.844547271, -123.275878906,0.03,107.29,78.70,10,1225.00, 237.30ÿ
10/1/18,19:17:6,1,2,44.844547271, -123.275878906,0.02,313.35,78.70,10,1211.00, 237.30ÿ
10/1/18,19:17:12,1,2,44.844547271, -123.275878906,0.01,48.13,78.70,10,1235.00, 237.30ÿ
10/1/18,19:17:19,1,2,44.844547271, -123.275878906,0.02,30.85,78.70,10,1235.00, 237.30ÿ
10/1/18,19:17:24,1,2,44.844547271, -123.275878906,0.01,299.74,78.70,10,1220.00, 237.30ÿ
10/1/18,19:17:30,1,2,44.844547271, -123.275878906,0.02,34.31,78.70,10,1206.00, 237.30ÿ
10/1/18,19:17:36,1,2,44.844547271, -123.275878906,0.03,32.95,78.70,10,1235.00, 237.30ÿ
10/1/18,19:17:44,1,2,44.844547271, -123.275878906,0.03,32.95,78.70,10,1235.00, 237.30ÿ
10/1/18,19:17:48,1,2,44.844547271, -123.275878906,0.01,330.38,78.70,10,1230.00, 237.30ÿ
10/1/18,19:17:54,1,2,44.844554901, -123.275878906,0.01,51.84,78.70,10,1191.00, 237.30ÿ
10/1/18,19:18:0,1,2,44.844554901, -123.275878906,0.03,31.62,78.70,10,1216.00, 237.30ÿ
10/1/18,19:18:8,1,2,44.844554901, -123.275878906,0.02,229.68,78.80,10,1240.00, 237.30ÿ
10/1/18,19:18:12,1,2,44.844554901, -123.275878906,0.02,229.68,78.80,10,1231.00, 237.30ÿ
10/1/18,19:18:20,1,2,44.844554901, -123.275878906,0.02,148.65,78.80,10,1230.00, 237.30ÿ
10/1/18,19:18:24,1,2,44.844554901, -123.275878906,0.02,148.65,79.00,10,1225.00, 237.30ÿ
10/1/18,19:18:34,1,2,44.844554901, -123.275878906,0.01,91.08,79.40,10,1235.00, 237.30ÿ
10/1/18,19:18:36,1,2,44.844554901, -123.275878906,0.01,91.08,79.40,10,1191.00, 237.30ÿ
10/1/18,19:18:43,1,2,44.844554901, -123.275878906,0.01,258.13,79.40,10,1230.00, 237.30ÿ
10/1/18,19:18:48,1,2,44.844554901, -123.275878906,0.02,106.25,79.40,10,1197.00, 237.30ÿ
10/1/18,19:18:54,1,2,44.844554901, -123.275878906,0.01,201.33,79.50,10,1221.00, 237.30ÿ
10/1/18,19:19:2,1,2,44.844554901, -123.275878906,0.01,201.33,79.50,10,1235.00, 237.30ÿ
10/1/18,19:19:7,1,2,44.844554901, -123.275878906,0.01,201.33,79.50,10,1226.00, 237.30ÿ
10/1/18,19:19:12,1,2,44.844554901, -123.275878906,0.02,331.63,79.50,10,1196.00, 237.30ÿ
10/1/18,19:19:19,1,2,44.844554901, -123.275878906,0.02,121.87,79.50,9,1231.00, 237.30ÿ
10/1/18,19:19:26,1,2,44.844554901, -123.275878906,0.01,74.04,79.50,9,1236.00, 237.30ÿ
10/1/18,19:19:30,1,2,44.844554901, -123.275878906,0.02,235.54,79.50,9,1201.00, 237.30ÿ
10/1/18,19:19:38,1,2,44.844554901, -123.275878906,0.02,235.54,79.50,9,1230.00, 237.30ÿ
10/1/18,19:19:43,1,2,44.844554901, -123.275878906,0.01,166.76,79.50,9,1231.00, 237.30ÿ
10/1/18,19:19:48,1,2,44.844554901, -123.275878906,0.02,338.20,79.50,9,1225.00, 237.30ÿ
10/1/18,19:19:54,1,2,44.844554901, -123.275878906,0.02,162.02,79.50,9,1192.00, 237.30ÿ
10/1/18,19:20:2,1,2,44.844554901, -123.275878906,0.02,51.21,79.50,9,1226.00, 237.30ÿ
10/1/18,19:20:6,1,2,44.844554901, -123.275878906,0.02,293.10,79.50,9,1201.00, 237.30ÿ
10/1/18,19:20:12,1,2,44.844554901, -123.275878906,0.02,126.22,79.50,9,1216.00, 237.30ÿ
10/1/18,19:20:20,1,2,44.844554901, -123.275894165,0.02,300.69,79.60,9,1226.00, 237.30ÿ
10/1/18,19:20:24,1,2,44.844554901, -123.275894165,0.02,106.83,79.70,9,1201.00, 237.30ÿ
10/1/18,19:20:30,1,2,44.844554901, -123.275894165,0.03,54.26,79.80,9,1191.00, 237.30ÿ
10/1/18,19:20:36,1,2,44.844554901, -123.275894165,0.02,221.88,79.80,9,1221.00, 237.30ÿ
10/1/18,19:20:43,1,2,44.844554901, -123.275894165,0.02,339.03,79.80,9,1221.00, 237.30ÿ
10/1/18,19:20:48,1,2,44.844554901, -123.275894165,0.02,171.31,79.80,9,1206.00, 237.30ÿ
10/1/18,19:20:55,1,2,44.844554901, -123.275894165,0.02,171.31,79.80,9,1231.00, 237.30ÿ
10/1/18,19:21:0,1,2,44.844554901, -123.275894165,0.03,189.42,79.90,9,1216.00, 237.30ÿ
10/1/18,19:21:6,1,2,44.844554901, -123.275894165,0.01,261.24,79.90,9,1231.00, 237.30ÿ
10/1/18,19:21:14,1,2,44.844554901, -123.275894165,0.01,135.75,80.30,9,1231.00, 237.30ÿ
10/1/18,19:21:20,1,2,44.844554901, -123.275894165,0.01,242.94,80.30,9,1220.00, 237.30ÿ
10/1/18,19:21:24,1,2,44.844554901, -123.275894165,0.01,242.94,80.30,9,1216.00, 237.30ÿ
10/1/18,19:21:30,1,2,44.844554901, -123.275894165,0.03,25.20,80.30,9,1211.00, 237.30ÿ
10/1/18,19:21:38,1,2,44.844554901, -123.275894165,0.02,264.19,80.30,9,1220.00, 237.30ÿ
10/1/18,19:21:43,1,2,44.844554901, -123.275894165,0.02,359.33,80.30,9,1211.00, 237.30ÿ
10/1/18,19:21:48,1,2,44.844554901, -123.275894165,0.01,329.87,80.40,9,1196.00, 237.30ÿ
10/1/18,19:21:56,1,2,44.844554901, -123.275894165,0.02,359.66,80.40,9,1226.00, 237.30ÿ
10/1/18,19:22:2,1,2,44.844554901, -123.275894165,0.02,359.66,80.40,9,1226.00, 237.30ÿ
10/1/18,19:22:7,1,2,44.844554901, -123.275894165,0.02,359.66,80.40,9,1221.00, 237.30ÿ
10/1/18,19:22:12,1,2,44.844554901, -123.275894165,0.01,225.81,80.50,9,1201.00, 237.30ÿ
10/1/18,19:22:19,1,2,44.844554901, -123.275894165,0.01,225.81,80.50,9,1221.00, 237.30ÿ
10/1/18,19:22:24,1,2,44.844554901, -123.275894165,0.01,307.55,80.50,9,1191.00, 237.30ÿ
10/1/18,19:22:30,1,2,44.844554901, -123.275894165,0.01,18.72,80.50,9,1211.00, 237.30ÿ
10/1/18,19:22:36,1,2,44.844554901, -123.275894165,0.01,63.36,80.90,9,1186.00, 237.30ÿ
10/1/18,19:22:42,1,2,44.844554901, -123.275894165,0.03,19.87,80.90,9,1211.00, 237.30ÿ
10/1/18,19:22:48,1,2,44.844554901, -123.275894165,0.01,25.72,80.90,9,1211.00, 237.30ÿ
10/1/18,19:22:54,1,2,44.844554901, -123.275894165,0.00,38.54,81.00,9,1221.00, 237.30ÿ
10/1/18,19:23:0,1,2,44.844554901, -123.275894165,0.02,77.22,81.00,9,1226.00, 237.30ÿ
10/1/18,19:23:8,1,2,44.844554901, -123.275894165,0.01,104.85,81.00,9,1220.00, 237.30ÿ
10/1/18,19:23:14,1,2,44.844554901, -123.275894165,0.01,28.39,81.10,9,1220.00, 237.30ÿ
10/1/18,19:23:18,1,2,44.844554901, -123.275894165,0.02,335.11,81.10,9,1197.00, 237.30ÿ
10/1/18,19:23:24,1,2,44.844554901, -123.275894165,0.02,138.64,81.10,9,1220.00, 237.30ÿ
10/1/18,19:23:30,1,2,44.844554901, -123.275894165,0.02,333.20,81.10,9,1192.00, 237.30ÿ
10/1/18,19:23:36,1,2,44.844554901, -123.275894165,0.01,171.15,81.10,9,1211.00, 237.30ÿ
10/1/18,19:23:43,1,2,44.844554901, -123.275894165,0.02,131.90,81.10,9,1216.00, 237.30ÿ
10/1/18,19:23:48,1,2,44.844554901, -123.275894165,0.02,123.71,81.10,9,1201.00, 237.30ÿ
10/1/18,19:23:54,1,2,44.844554901, -123.275894165,0.02,313.07,81.10,9,1197.00, 237.30ÿ
10/1/18,19:24:0,1,2,44.844554901, -123.275894165,0.01,343.35,81.20,9,1206.00, 237.30ÿ
10/1/18,19:24:6,1,2,44.844562530, -123.275894165,0.01,282.88,81.20,9,1197.00, 237.30ÿ
10/1/18,19:24:12,1,2,44.844562530, -123.275894165,0.00,10.54,81.20,9,1221.00, 237.30ÿ
10/1/18,19:24:18,1,2,44.844562530, -123.275894165,0.02,315.26,81.20,9,1196.00, 237.30ÿ
10/1/18,19:24:26,1,2,44.844562530, -123.275894165,0.02,325.63,81.30,9,1221.00, 237.30ÿ
10/1/18,19:24:30,1,2,44.844562530, -123.275894165,0.01,197.40,81.30,9,1211.00, 237.30ÿ
10/1/18,19:24:36,1,2,44.844562530, -123.275894165,0.01,176.28,81.30,9,1206.00, 237.30ÿ
10/1/18,19:24:43,1,2,44.844562530, -123.275894165,0.02,116.06,81.40,9,1206.00, 237.30ÿ
10/1/18,19:24:48,1,2,44.844562530, -123.275894165,0.01,117.23,81.40,9,1206.00, 237.30ÿ
10/1/18,19:24:55,1,2,44.844562530, -123.275894165,0.01,117.23,81.40,9,1220.00, 237.30ÿ
10/1/18,19:25:0,1,2,44.844562530, -123.275894165,0.02,331.19,81.40,9,1211.00, 237.30ÿ
10/1/18,19:25:7,1,2,44.844562530, -123.275894165,0.02,143.48,82.10,9,1186.00, 237.30ÿ
10/1/18,19:25:12,1,2,44.844562530, -123.275894165,0.03,50.68,82.30,9,1152.00, 237.30ÿ
10/1/18,19:25:18,1,2,44.844562530, -123.275894165,0.01,228.26,82.30,9,1201.00, 237.30ÿ
10/1/18,19:25:24,1,2,44.844562530, -123.275894165,0.02,327.29,82.40,9,1201.00, 237.30ÿ
10/1/18,19:25:30,1,2,44.844562530, -123.275894165,0.02,132.48,82.40,8,1211.00, 237.30ÿ
10/1/18,19:25:36,1,2,44.844562530, -123.275894165,0.01,16.47,82.40,9,1192.00, 237.30ÿ
10/1/18,19:25:42,1,2,44.844562530, -123.275894165,0.02,239.99,82.40,9,1191.00, 237.30ÿ
10/1/18,19:25:48,1,2,44.844562530, -123.275894165,0.02,311.68,82.70,9,1191.00, 237.30ÿ
10/1/18,19:25:54,1,2,44.844570159, -123.275909423,0.02,150.01,83.40,9,1197.00, 237.30ÿ
10/1/18,19:26:0,1,2,44.844570159, -123.275909423,0.01,330.77,83.80,9,1216.00, 237.30ÿ
10/1/18,19:26:6,1,2,44.844581604, -123.275909423,0.01,343.18,84.30,9,1216.00, 237.30ÿ
10/1/18,19:26:12,1,2,44.844581604, -123.275909423,0.01,125.26,84.40,9,1201.00, 237.30ÿ
10/1/18,19:26:19,1,2,44.844581604, -123.275909423,0.01,57.41,84.40,9,1216.00, 237.30ÿ
10/1/18,19:26:24,1,2,44.844581604, -123.275909423,0.01,253.75,84.40,9,1201.00, 237.30ÿ
10/1/18,19:26:34,1,2,44.844581604, -123.275909423,0.01,278.55,84.40,9,1216.00, 237.30ÿ
10/1/18,19:26:38,1,2,44.844581604, -123.275909423,0.01,278.55,84.40,9,1211.00, 237.30ÿ
10/1/18,19:26:42,1,2,44.844581604, -123.275909423,0.02,88.79,84.40,9,1196.00, 237.30ÿ
10/1/18,19:26:48,1,2,44.844581604, -123.275909423,0.01,315.63,84.40,9,1211.00, 237.30ÿ
10/1/18,19:26:54,1,2,44.844581604, -123.275909423,0.01,315.63,84.40,9,1211.00, 237.30ÿ
10/1/18,19:27:4,1,2,44.844581604, -123.275909423,0.02,255.16,84.50,9,1221.00, 237.30ÿ
10/1/18,19:27:6,1,2,44.844581604, -123.275909423,0.01,38.03,84.50,9,1186.00, 237.30ÿ
10/1/18,19:27:12,1,2,44.844581604, -123.275909423,0.01,103.02,84.50,9,1211.00, 237.30ÿ
10/1/18,19:27:20,1,2,44.844581604, -123.275909423,0.02,95.81,84.50,9,1211.00, 237.30ÿ
10/1/18,19:27:24,1,2,44.844581604, -123.275909423,0.01,256.79,84.50,9,1192.00, 237.30ÿ
10/1/18,19:27:32,1,2,44.844581604, -123.275909423,0.01,125.59,84.40,9,1216.00, 237.30ÿ
10/1/18,19:27:38,1,2,44.844581604, -123.275909423,0.01,125.59,84.40,9,1206.00, 237.30ÿ
10/1/18,19:27:43,1,2,44.844581604, -123.275909423,0.02,65.98,84.40,9,1216.00, 237.30ÿ
10/1/18,19:27:48,1,2,44.844581604, -123.275909423,0.03,231.46,84.40,9,1206.00, 237.30ÿ
10/1/18,19:27:54,1,2,44.844581604, -123.275909423,0.02,77.14,84.40,9,1191.00, 237.30ÿ
10/1/18,19:28:0,1,2,44.844581604, -123.275909423,0.01,243.15,84.40,8,1197.00, 237.30ÿ
10/1/18,19:28:6,1,2,44.844581604, -123.275909423,0.01,97.70,84.40,9,1186.00, 237.30ÿ
10/1/18,19:28:12,1,2,44.844581604, -123.275909423,0.01,291.30,84.40,9,1191.00, 237.30ÿ
10/1/18,19:28:18,1,2,44.844581604, -123.275909423,0.01,193.42,84.40,9,1186.00, 237.30ÿ
10/1/18,19:28:26,1,2,44.844581604, -123.275909423,0.01,193.42,84.40,9,1206.00, 237.30ÿ
10/1/18,19:28:31,1,2,44.844581604, -123.275909423,0.02,240.63,84.40,9,1187.00, 237.30ÿ
10/1/18,19:28:36,1,2,44.844581604, -123.275909423,0.01,161.18,84.40,9,1216.00, 237.30ÿ
10/1/18,19:28:43,1,2,44.844581604, -123.275909423,0.02,248.38,84.40,9,1206.00, 237.30ÿ
10/1/18,19:28:48,1,2,44.844581604, -123.275909423,0.02,248.38,84.40,9,1211.00, 237.30ÿ
10/1/18,19:28:56,1,2,44.844581604, -123.275909423,0.02,248.38,84.50,9,1211.00, 237.30ÿ
10/1/18,19:29:2,1,2,44.844581604, -123.275909423,0.02,248.38,84.50,9,1201.00, 237.30ÿ
10/1/18,19:29:8,1,2,44.844581604, -123.275909423,0.01,146.77,84.50,9,1211.00, 237.30ÿ
10/1/18,19:29:12,1,2,44.844581604, -123.275909423,0.01,9.89,84.50,9,1201.00, 237.30ÿ
10/1/18,19:29:20,1,2,44.844581604, -123.275909423,0.02,174.90,84.50,9,1206.00, 237.30ÿ
10/1/18,19:29:24,1,2,44.844581604, -123.275909423,0.01,14.87,84.50,9,1211.00, 237.30ÿ
10/1/18,19:29:32,1,2,44.844581604, -123.275909423,0.01,146.73,84.60,9,1201.00, 237.30ÿ
10/1/18,19:29:36,1,2,44.844581604, -123.275909423,0.01,311.01,84.60,9,1186.00, 237.30ÿ
10/1/18,19:29:44,1,2,44.844581604, -123.275909423,0.02,242.06,84.60,9,1206.00, 237.30ÿ
10/1/18,19:29:48,1,2,44.844581604, -123.275909423,0.00,5.65,84.60,9,1211.00, 237.30ÿ
10/1/18,19:29:55,1,2,44.844581604, -123.275909423,0.01,137.27,84.70,9,1201.00, 237.30ÿ
10/1/18,19:30:2,1,2,44.844581604, -123.275894165,0.02,55.19,85.00,9,1206.00, 237.30ÿ
10/1/18,19:30:7,1,2,44.844581604, -123.275894165,0.01,118.47,85.00,9,1196.00, 237.30ÿ
10/1/18,19:30:12,1,2,44.844581604, -123.275894165,0.01,118.47,85.00,9,1201.00, 237.30ÿ
10/1/18,19:30:18,1,2,44.844581604, -123.275894165,0.00,296.41,85.00,9,1197.00, 237.30ÿ
10/1/18,19:30:26,1,2,44.844581604, -123.275894165,0.03,84.36,85.00,9,1201.00, 237.30ÿ
10/1/18,19:30:32,1,2,44.844581604, -123.275894165,0.03,271.34,85.00,9,1211.00, 237.30ÿ
10/1/18,19:30:36,1,2,44.844581604, -123.275894165,0.02,93.24,85.00,9,1187.00, 237.30ÿ
10/1/18,19:30:43,1,2,44.844581604, -123.275894165,0.01,87.31,85.00,9,1201.00, 237.30ÿ
10/1/18,19:30:48,1,2,44.844581604, -123.275894165,0.02,258.54,85.00,9,1196.00, 237.30ÿ
10/1/18,19:30:54,1,2,44.844581604, -123.275894165,0.02,107.34,85.00,9,1206.00, 237.30ÿ
10/1/18,19:31:0,1,2,44.844581604, -123.275894165,0.02,287.92,85.00,9,1206.00, 237.30ÿ
10/1/18,19:31:8,1,2,44.844581604, -123.275894165,0.02,285.01,85.00,9,1201.00, 237.30ÿ
10/1/18,19:31:12,1,2,44.844581604, -123.275894165,0.02,298.37,85.00,9,1197.00, 237.30ÿ
10/1/18,19:31:19,1,2,44.844581604, -123.275894165,0.02,171.09,85.00,9,1186.00, 237.30ÿ
10/1/18,19:31:24,1,2,44.844581604, -123.275894165,0.01,65.25,85.00,9,1201.00, 237.30ÿ
10/1/18,19:31:31,1,2,44.844581604, -123.275894165,0.01,108.07,85.00,9,1206.00, 237.30ÿ
10/1/18,19:31:36,1,2,44.844581604, -123.275894165,0.01,108.07,85.00,9,1196.00, 237.30ÿ
10/1/18,19:31:42,1,2,44.844581604, -123.275894165,0.01,39.61,85.00,8,1201.00, 237.30ÿ
10/1/18,19:31:48,1,2,44.844589233, -123.275894165,0.01,18.46,85.00,9,1192.00, 237.30ÿ
10/1/18,19:31:56,1,2,44.844589233, -123.275894165,0.01,18.46,84.50,9,1206.00, 237.30ÿ
10/1/18,19:32:0,1,2,44.844596862, -123.275909423,0.00,64.15,84.40,9,1186.00, 237.30ÿ
10/1/18,19:32:8,1,2,44.844596862, -123.275909423,0.01,183.15,85.00,9,1206.00, 237.30ÿ
10/1/18,19:32:14,1,2,44.844596862, -123.275909423,0.01,183.15,85.00,9,1206.00, 237.30ÿ
10/1/18,19:32:19,1,2,44.844596862, -123.275909423,0.00,159.73,84.70,9,1196.00, 237.30ÿ
10/1/18,19:32:24,1,2,44.844604492, -123.275909423,0.00,291.99,83.40,9,1196.00, 237.30ÿ
10/1/18,19:32:32,1,2,44.844604492, -123.275924682,0.00,291.99,82.60,9,1196.00, 237.30ÿ
10/1/18,19:32:39,1,2,44.844612121, -123.275924682,0.00,291.99,82.30,9,1206.00, 237.30ÿ
10/1/18,19:32:42,1,2,44.844604492, -123.275924682,0.02,164.29,82.30,9,1206.00, 237.30ÿ
10/1/18,19:32:48,1,2,44.844604492, -123.275924682,0.02,316.17,82.00,9,1201.00, 237.30ÿ
10/1/18,19:32:55,1,2,44.844596862, -123.275924682,0.01,123.33,82.00,9,1196.00, 237.30ÿ
10/1/18,19:33:0,1,2,44.844596862, -123.275924682,0.01,239.54,81.90,9,1172.00, 237.30ÿ
10/1/18,19:33:7,1,2,44.844596862, -123.275924682,0.03,146.37,81.90,9,1177.00, 237.30ÿ
10/1/18,19:33:14,1,2,44.844604492, -123.275924682,0.02,289.34,82.40,9,1201.00, 237.30ÿ
10/1/18,19:33:19,1,2,44.844612121, -123.275947570,0.04,320.44,83.90,9,1191.00, 237.30ÿ
10/1/18,19:33:24,1,2,44.844627380, -123.275947570,0.04,320.44,84.90,9,1196.00, 237.30ÿ
10/1/18,19:33:32,1,2,44.844627380, -123.275947570,0.02,93.55,84.90,9,1196.00, 237.30ÿ
10/1/18,19:33:38,1,2,44.844627380, -123.275947570,0.02,93.55,84.90,9,1196.00, 237.30ÿ
10/1/18,19:33:43,1,2,44.844627380, -123.275947570,0.04,105.51,84.90,9,1186.00, 237.30ÿ
10/1/18,19:33:52,1,2,44.844627380, -123.275947570,0.04,77.25,84.90,9,1201.00, 237.30ÿ
10/1/18,19:33:56,1,2,44.844627380, -123.275947570,0.03,123.39,84.90,9,1191.00, 237.30ÿ
10/1/18,19:34:0,1,2,44.844627380, -123.275947570,0.03,80.06,84.90,9,1182.00, 237.30ÿ
10/1/18,19:34:7,1,2,44.844627380, -123.275947570,0.02,83.28,84.90,9,1186.00, 237.30ÿ
10/1/18,19:34:15,1,2,44.844627380, -123.275947570,0.02,97.93,84.90,9,1201.00, 237.30ÿ
10/1/18,19:34:20,1,2,44.844627380, -123.275947570,0.02,89.72,84.80,9,1196.00, 237.30ÿ
10/1/18,19:34:24,1,2,44.844627380, -123.275947570,0.02,82.98,84.80,9,1186.00, 237.30ÿ
10/1/18,19:34:31,1,2,44.844627380, -123.275947570,0.06,144.12,84.80,9,1177.00, 237.30ÿ
10/1/18,19:34:36,1,2,44.844627380, -123.275947570,0.00,246.82,84.80,9,1177.00, 237.30ÿ
10/1/18,19:34:43,1,2,44.844619750, -123.275947570,0.02,100.05,84.80,9,1191.00, 237.30ÿ
10/1/18,19:34:52,1,2,44.844612121, -123.275947570,0.04,148.65,83.80,9,1201.00, 237.30ÿ
10/1/18,19:34:55,1,2,44.844612121, -123.275947570,0.02,204.12,83.50,9,1177.00, 237.30ÿ
10/1/18,19:35:0,1,2,44.844612121, -123.275947570,0.04,138.55,83.50,9,1187.00, 237.30ÿ
10/1/18,19:35:8,1,2,44.844612121, -123.275947570,0.04,161.34,83.40,9,1201.00, 237.30ÿ
10/1/18,19:35:12,1,2,44.844612121, -123.275947570,0.02,138.50,83.40,9,1192.00, 237.30ÿ
10/1/18,19:35:19,1,2,44.844612121, -123.275924682,0.01,97.75,83.40,9,1182.00, 237.30ÿ
10/1/18,19:35:24,1,2,44.844612121, -123.275924682,0.03,166.59,83.40,9,1187.00, 237.30ÿ
10/1/18,19:35:31,1,2,44.844612121, -123.275924682,0.01,162.85,83.40,9,1196.00, 237.30ÿ
10/1/18,19:35:38,1,2,44.844604492, -123.275947570,0.01,181.14,83.30,9,1197.00, 237.30ÿ
10/1/18,19:35:42,1,2,44.844604492, -123.275947570,0.02,205.03,83.30,9,1192.00, 237.30ÿ
10/1/18,19:35:48,1,2,44.844604492, -123.275947570,0.04,154.47,83.30,9,1177.00, 237.30ÿ
10/1/18,19:35:55,1,2,44.844604492, -123.275924682,0.01,174.08,83.30,9,1182.00, 237.30ÿ
10/1/18,19:36:0,1,2,44.844612121, -123.275924682,0.01,174.08,82.10,9,1196.00, 237.30ÿ
10/1/18,19:36:7,1,2,44.844612121, -123.275909423,0.01,62.07,82.10,9,1196.00, 237.30ÿ
10/1/18,19:36:12,1,2,44.844612121, -123.275894165,0.02,241.27,79.80,9,1182.00, 237.30ÿ
10/1/18,19:36:19,1,2,44.844612121, -123.275878906,0.05,44.66,79.30,9,1191.00, 237.30ÿ
10/1/18,19:36:26,1,2,44.844612121, -123.275878906,0.01,220.11,79.30,9,1191.00, 237.30ÿ
10/1/18,19:36:35,1,2,44.844612121, -123.275878906,0.01,70.22,79.30,9,1201.00, 237.30ÿ
10/1/18,19:36:39,1,2,44.844612121, -123.275878906,0.01,70.22,79.30,9,1196.00, 237.30ÿ
10/1/18,19:36:44,1,2,44.844612121, -123.275878906,0.01,70.22,79.20,9,1201.00, 237.30ÿ
10/1/18,19:36:48,1,2,44.844612121, -123.275878906,0.06,239.09,79.20,9,1182.00, 237.30ÿ
10/1/18,19:36:55,1,2,44.844612121, -123.275878906,0.02,99.44,79.20,9,1191.00, 237.30ÿ
10/1/18,19:37:2,1,2,44.844604492, -123.275894165,0.02,312.51,78.20,9,1196.00, 237.30ÿ
10/1/18,19:37:7,1,2,44.844604492, -123.275894165,0.01,289.65,77.10,9,1196.00, 237.30ÿ
10/1/18,19:37:14,1,2,44.844604492, -123.275894165,0.01,255.81,76.60,9,1191.00, 237.30ÿ
10/1/18,19:37:19,1,2,44.844596862, -123.275894165,0.01,262.40,76.20,9,1191.00, 237.30ÿ
10/1/18,19:37:26,1,2,44.844596862, -123.275894165,0.01,113.13,76.30,9,1191.00, 237.30ÿ
10/1/18,19:37:32,1,2,44.844596862, -123.275894165,0.02,159.25,76.20,9,1197.00, 237.30ÿ
10/1/18,19:37:38,1,2,44.844596862, -123.275894165,0.02,159.25,76.20,9,1191.00, 237.30ÿ
10/1/18,19:37:43,1,2,44.844596862, -123.275894165,0.00,48.77,76.00,9,1186.00, 237.30ÿ
10/1/18,19:37:48,1,2,44.844589233, -123.275909423,0.00,253.12,76.10,9,1191.00, 237.30ÿ
10/1/18,19:37:56,1,2,44.844581604, -123.275924682,0.01,71.41,76.40,9,1196.00, 237.30ÿ
10/1/18,19:38:0,1,2,44.844570159, -123.275924682,0.01,71.41,76.70,9,1196.00, 237.30ÿ
10/1/18,19:38:7,1,2,44.844570159, -123.275947570,0.01,103.78,77.40,9,1177.00, 237.30ÿ
10/1/18,19:38:12,1,2,44.844562530, -123.275947570,0.01,103.78,77.80,9,1196.00, 237.30ÿ
10/1/18,19:38:19,1,2,44.844562530, -123.275947570,0.02,126.08,77.80,9,1191.00, 237.30ÿ
10/1/18,19:38:26,1,2,44.844562530, -123.275947570,0.02,163.99,77.90,9,1196.00, 237.30ÿ
10/1/18,19:38:32,1,2,44.844562530, -123.275947570,0.02,17.18,77.90,9,1191.00, 237.30ÿ
10/1/18,19:38:36,1,2,44.844562530, -123.275947570,0.03,120.57,77.90,9,1182.00, 237.30ÿ
10/1/18,19:38:43,1,2,44.844562530, -123.275947570,0.01,136.13,77.90,9,1196.00, 237.30ÿ
10/1/18,19:38:50,1,2,44.844562530, -123.275947570,0.02,159.43,77.90,9,1191.00, 237.30ÿ
10/1/18,19:38:56,1,2,44.844562530, -123.275947570,0.02,159.43,77.90,9,1191.00, 237.30ÿ
10/1/18,19:39:0,1,2,44.844562530, -123.275947570,0.01,329.92,77.90,9,1171.00, 237.30ÿ
10/1/18,19:39:8,1,2,44.844562530, -123.275947570,0.01,329.92,78.30,9,1191.00, 237.30ÿ
10/1/18,19:39:14,1,2,44.844562530, -123.275962829,0.03,256.93,79.30,9,1182.00, 237.30ÿ
10/1/18,19:39:23,1,2,44.844554901, -123.275962829,0.00,335.18,79.40,9,1196.00, 237.30ÿ
10/1/18,19:39:27,1,2,44.844554901, -123.275962829,0.00,335.18,79.70,9,1186.00, 237.30ÿ
10/1/18,19:39:31,1,2,44.844554901, -123.275962829,0.00,169.75,79.70,9,1181.00, 237.30ÿ
10/1/18,19:39:36,1,2,44.844554901, -123.275962829,0.01,208.87,79.70,9,1196.00, 237.30ÿ
10/1/18,19:39:44,1,2,44.844554901, -123.275962829,0.02,140.79,79.80,9,1186.00, 237.30ÿ
10/1/18,19:39:50,1,2,44.844554901, -123.275962829,0.01,352.77,79.80,9,1196.00, 237.30ÿ
10/1/18,19:39:56,1,2,44.844554901, -123.275962829,0.01,340.23,79.80,9,1191.00, 237.30ÿ
10/1/18,19:40:0,1,2,44.844554901, -123.275962829,0.02,135.93,79.80,9,1177.00, 237.30ÿ
10/1/18,19:40:7,1,2,44.844554901, -123.275962829,0.02,131.15,79.80,9,1182.00, 237.30ÿ
10/1/18,19:40:12,1,2,44.844554901, -123.275962829,0.03,346.32,79.70,9,1171.00, 237.30ÿ
10/1/18,19:40:23,1,2,44.844554901, -123.275962829,0.03,356.90,79.80,9,1196.00, 237.30ÿ
10/1/18,19:40:24,1,2,44.844554901, -123.275962829,0.03,356.90,79.80,9,1186.00, 237.30ÿ
10/1/18,19:40:32,1,2,44.844562530, -123.275962829,0.03,356.90,79.80,9,1191.00, 237.30ÿ
10/1/18,19:40:38,1,2,44.844562530, -123.275962829,0.02,39.94,79.80,9,1181.00, 237.30ÿ
10/1/18,19:40:44,1,2,44.844562530, -123.275962829,0.02,1.12,79.80,9,1176.00, 237.30ÿ
10/1/18,19:40:48,1,2,44.844562530, -123.275962829,0.01,62.41,79.80,9,1177.00, 237.30ÿ
10/1/18,19:40:56,1,2,44.844562530, -123.275962829,0.04,20.61,79.80,9,1191.00, 237.30ÿ
10/1/18,19:41:0,1,2,44.844562530, -123.275962829,0.04,20.61,79.80,9,1191.00, 237.30ÿ
10/1/18,19:41:7,1,2,44.844562530, -123.275962829,0.02,252.72,79.80,9,1186.00, 237.30ÿ
10/1/18,19:41:12,1,2,44.844562530, -123.275962829,0.01,263.51,79.80,9,1167.00, 237.30ÿ
10/1/18,19:41:19,1,2,44.844562530, -123.275962829,0.02,47.19,79.80,9,1186.00, 237.30ÿ
10/1/18,19:41:24,1,2,44.844562530, -123.275962829,0.02,129.94,79.80,9,1172.00, 237.30ÿ
10/1/18,19:41:32,1,2,44.844562530, -123.275962829,0.03,109.37,79.90,9,1191.00, 237.30ÿ
10/1/18,19:41:40,1,2,44.844562530, -123.275962829,0.01,79.65,79.90,9,1186.00, 237.30ÿ
10/1/18,19:41:43,1,2,44.844562530, -123.275962829,0.04,72.42,79.90,9,1167.00, 237.30ÿ
10/1/18,19:41:48,1,2,44.844562530, -123.275962829,0.03,151.25,79.90,9,1172.00, 237.30ÿ
10/1/18,19:41:55,1,2,44.844562530, -123.275962829,0.03,99.05,79.80,9,1182.00, 237.30ÿ
10/1/18,19:42:0,1,2,44.844562530, -123.275962829,0.03,99.05,79.80,9,1186.00, 237.30ÿ
10/1/18,19:42:7,1,2,44.844562530, -123.275962829,0.02,76.89,79.80,9,1171.00, 237.30ÿ
10/1/18,19:42:12,1,2,44.844562530, -123.275962829,0.01,126.84,79.80,9,1181.00, 237.30ÿ
10/1/18,19:42:22,1,2,44.844562530, -123.275962829,0.02,72.95,79.80,9,1191.00, 237.30ÿ
10/1/18,19:42:26,1,2,44.844562530, -123.275962829,0.01,196.91,79.80,9,1182.00, 237.30ÿ
10/1/18,19:42:32,1,2,44.844562530, -123.275962829,0.01,177.07,79.80,9,1181.00, 237.30ÿ
10/1/18,19:42:39,1,2,44.844562530, -123.275962829,0.01,250.83,79.70,9,1186.00, 237.30ÿ
10/1/18,19:42:46,1,2,44.844562530, -123.275962829,0.02,93.04,79.70,9,1191.00, 237.30ÿ
10/1/18,19:42:48,1,2,44.844562530, -123.275962829,0.00,22.12,79.70,9,1167.00, 237.30ÿ
10/1/18,19:42:56,1,2,44.844554901, -123.275947570,0.00,84.30,78.60,9,1186.00, 237.30ÿ
10/1/18,19:43:2,1,2,44.844554901, -123.275947570,0.02,114.89,78.50,9,1182.00, 237.30ÿ
10/1/18,19:43:7,1,2,44.844554901, -123.275947570,0.02,114.89,78.50,9,1182.00, 237.30ÿ
10/1/18,19:43:12,1,2,44.844554901, -123.275947570,0.01,165.31,78.50,9,1177.00, 237.30ÿ
10/1/18,19:43:19,1,2,44.844554901, -123.275947570,0.01,312.63,78.50,9,1181.00, 237.30ÿ
10/1/18,19:43:24,1,2,44.844554901, -123.275947570,0.06,344.97,78.50,9,1167.00, 237.30ÿ
10/1/18,19:43:32,1,2,44.844554901, -123.275947570,0.02,211.08,78.60,9,1181.00, 237.30ÿ
10/1/18,19:43:39,1,2,44.844554901, -123.275947570,0.01,16.18,78.60,9,1191.00, 237.30ÿ
10/1/18,19:43:43,1,2,44.844554901, -123.275947570,0.01,259.52,78.60,9,1186.00, 237.30ÿ
10/1/18,19:43:48,1,2,44.844554901, -123.275947570,0.03,272.90,78.60,9,1191.00, 237.30ÿ
10/1/18,19:43:58,1,2,44.844554901, -123.275947570,0.01,141.01,78.60,9,1186.00, 237.30ÿ
10/1/18,19:44:0,1,2,44.844554901, -123.275947570,0.01,141.01,78.60,9,1181.00, 237.30ÿ
10/1/18,19:44:7,1,2,44.844554901, -123.275947570,0.01,24.93,78.50,9,1162.00, 237.30ÿ
10/1/18,19:44:12,1,2,44.844554901, -123.275947570,0.03,88.81,78.50,9,1162.00, 237.30ÿ
10/1/18,19:44:22,1,2,44.844554901, -123.275947570,0.01,97.18,78.50,9,1186.00, 237.30ÿ
10/1/18,19:44:24,1,2,44.844554901, -123.275947570,0.01,119.81,78.50,9,1172.00, 237.30ÿ
10/1/18,19:44:31,1,2,44.844554901, -123.275947570,0.03,99.89,78.50,9,1191.00, 237.30ÿ
10/1/18,19:44:36,1,2,44.844554901, -123.275947570,0.01,41.18,78.50,9,1171.00, 237.30ÿ
10/1/18,19:44:43,1,2,44.844554901, -123.275947570,0.02,20.96,78.50,9,1181.00, 237.30ÿ
10/1/18,19:44:50,1,2,44.844554901, -123.275947570,0.02,195.54,78.60,9,1191.00, 237.30ÿ
10/1/18,19:44:56,1,2,44.844554901, -123.275947570,0.02,355.85,78.60,9,1182.00, 237.30ÿ
10/1/18,19:45:0,1,2,44.844562530, -123.275947570,0.02,159.21,78.80,9,1162.00, 237.30ÿ
10/1/18,19:45:8,1,2,44.844570159, -123.275947570,0.01,7.58,79.30,9,1186.00, 237.30ÿ
10/1/18,19:45:15,1,2,44.844562530, -123.275924682,0.01,133.40,79.10,9,1186.00, 237.30ÿ
10/1/18,19:45:20,1,2,44.844562530, -123.275924682,0.02,107.04,78.70,9,1182.00, 237.30ÿ
10/1/18,19:45:24,1,2,44.844562530, -123.275924682,0.02,107.04,78.40,9,1186.00, 237.30ÿ
10/1/18,19:45:31,1,2,44.844562530, -123.275924682,0.02,273.90,78.40,9,1167.00, 237.30ÿ
10/1/18,19:45:38,1,2,44.844562530, -123.275924682,0.01,174.57,78.40,9,1182.00, 237.30ÿ
10/1/18,19:45:44,1,2,44.844562530, -123.275924682,0.02,334.07,78.40,9,1182.00, 237.30ÿ
10/1/18,19:45:50,1,2,44.844562530, -123.275924682,0.02,334.07,78.40,9,1176.00, 237.30ÿ
10/1/18,19:45:55,1,2,44.844562530, -123.275924682,0.01,19.63,78.50,9,1172.00, 237.30ÿ
10/1/18,19:46:0,1,2,44.844554901, -123.275924682,0.01,19.63,79.10,9,1186.00, 237.30ÿ
10/1/18,19:46:8,1,2,44.844554901, -123.275924682,0.03,350.24,79.20,9,1186.00, 237.30ÿ
10/1/18,19:46:12,1,2,44.844554901, -123.275924682,0.03,350.24,79.20,9,1167.00, 237.30ÿ
10/1/18,19:46:19,1,2,44.844554901, -123.275924682,0.03,350.24,79.20,9,1186.00, 237.30ÿ
10/1/18,19:46:24,1,2,44.844554901, -123.275924682,0.01,271.22,79.20,9,1182.00, 237.30ÿ
10/1/18,19:46:31,1,2,44.844554901, -123.275924682,0.02,138.14,79.20,9,1167.00, 237.30ÿ
10/1/18,19:46:39,1,2,44.844554901, -123.275924682,0.01,288.95,79.20,9,1186.00, 237.30ÿ
10/1/18,19:46:44,1,2,44.844554901, -123.275924682,0.01,28.72,79.20,9,1191.00, 237.30ÿ
10/1/18,19:46:48,1,2,44.844554901, -123.275924682,0.02,42.19,79.20,9,1167.00, 237.30ÿ
10/1/18,19:46:55,1,2,44.844554901, -123.275924682,0.02,170.20,79.20,9,1182.00, 237.30ÿ
10/1/18,19:47:3,1,2,44.844554901, -123.275924682,0.01,353.46,79.20,9,1186.00, 237.30ÿ
10/1/18,19:47:7,1,2,44.844554901, -123.275924682,0.02,188.78,79.20,9,1186.00, 237.30ÿ
10/1/18,19:47:12,1,2,44.844554901, -123.275924682,0.02,312.25,79.20,9,1182.00, 237.30ÿ
10/1/18,19:47:19,1,2,44.844554901, -123.275924682,0.02,112.00,79.20,9,1182.00, 237.30ÿ
10/1/18,19:47:24,1,2,44.844554901, -123.275924682,0.02,112.00,79.20,9,1186.00, 237.30ÿ
10/1/18,19:47:32,1,2,44.844554901, -123.275924682,0.02,280.43,79.20,9,1182.00, 237.30ÿ
10/1/18,19:47:36,1,2,44.844554901, -123.275924682,0.02,294.03,79.20,9,1171.00, 237.30ÿ
10/1/18,19:47:43,1,2,44.844554901, -123.275924682,0.02,97.05,79.20,9,1167.00, 237.30ÿ
10/1/18,19:47:48,1,2,44.844562530, -123.275924682,0.02,285.57,79.20,9,1172.00, 237.30ÿ
10/1/18,19:47:55,1,2,44.844562530, -123.275924682,0.01,104.14,79.20,9,1182.00, 237.30ÿ
10/1/18,19:48:2,1,2,44.844562530, -123.275924682,0.02,301.80,79.20,9,1182.00, 237.30ÿ
10/1/18,19:48:8,1,2,44.844562530, -123.275924682,0.02,25.12,79.20,9,1181.00, 237.30ÿ
10/1/18,19:48:14,1,2,44.844562530, -123.275924682,0.01,193.03,79.20,9,1182.00, 237.30ÿ
10/1/18,19:48:23,1,2,44.844562530, -123.275924682,0.00,37.55,79.10,9,1186.00, 237.30ÿ
10/1/18,19:48:27,1,2,44.844562530, -123.275924682,0.01,2.41,79.10,9,1186.00, 237.30ÿ
10/1/18,19:48:32,1,2,44.844562530, -123.275924682,0.01,2.41,79.10,9,1181.00, 237.30ÿ
10/1/18,19:48:36,1,2,44.844562530, -123.275924682,0.02,196.99,79.00,9,1172.00, 237.30ÿ
10/1/18,19:48:43,1,2,44.844562530, -123.275909423,0.01,329.98,78.10,9,1182.00, 237.30ÿ
10/1/18,19:48:48,1,2,44.844562530, -123.275909423,0.01,226.40,78.00,9,1182.00, 237.30ÿ
10/1/18,19:48:56,1,2,44.844562530, -123.275909423,0.02,316.12,78.10,9,1182.00, 237.30ÿ
10/1/18,19:49:0,1,2,44.844562530, -123.275909423,0.02,195.17,78.10,9,1172.00, 237.30ÿ
10/1/18,19:49:8,1,2,44.844570159, -123.275909423,0.01,38.61,78.00,9,1182.00, 237.30ÿ
10/1/18,19:49:16,1,2,44.844570159, -123.275909423,0.02,206.65,78.00,9,1186.00, 237.30ÿ
10/1/18,19:49:20,1,2,44.844570159, -123.275909423,0.01,36.31,78.00,9,1176.00, 237.30ÿ
10/1/18,19:49:27,1,2,44.844581604, -123.275909423,0.01,36.31,77.70,9,1181.00, 237.30ÿ
10/1/18,19:49:31,1,2,44.844581604, -123.275909423,0.02,44.38,77.70,9,1182.00, 237.30ÿ
10/1/18,19:49:36,1,2,44.844581604, -123.275909423,0.02,49.48,77.70,9,1186.00, 237.30ÿ
10/1/18,19:49:43,1,2,44.844589233, -123.275909423,0.02,33.61,77.70,9,1182.00, 237.30ÿ
10/1/18,19:49:48,1,2,44.844589233, -123.275909423,0.02,202.84,77.70,9,1167.00, 237.30ÿ
10/1/18,19:49:56,1,2,44.844589233, -123.275909423,0.02,30.72,77.70,9,1177.00, 237.30ÿ
10/1/18,19:50:0,1,2,44.844589233, -123.275909423,0.01,220.43,77.70,9,1172.00, 237.30ÿ
10/1/18,19:50:7,1,2,44.844589233, -123.275909423,0.01,357.26,77.70,9,1172.00, 237.30ÿ
10/1/18,19:50:12,1,2,44.844589233, -123.275909423,0.02,197.57,77.70,9,1162.00, 237.30ÿ
10/1/18,19:50:20,1,2,44.844589233, -123.275909423,0.01,342.75,77.70,9,1182.00, 237.30ÿ
10/1/18,19:50:24,1,2,44.844589233, -123.275909423,0.02,204.40,77.70,9,1167.00, 237.30ÿ
10/1/18,19:50:32,1,2,44.844589233, -123.275909423,0.01,7.61,77.70,9,1186.00, 237.30ÿ
10/1/18,19:50:36,1,2,44.844589233, -123.275909423,0.01,183.11,77.70,9,1172.00, 237.30ÿ
10/1/18,19:50:43,1,2,44.844589233, -123.275909423,0.01,190.06,77.70,9,1186.00, 237.30ÿ
10/1/18,19:50:50,1,2,44.844589233, -123.275909423,0.01,202.21,77.70,9,1177.00, 237.30ÿ
10/1/18,19:50:56,1,2,44.844589233, -123.275909423,0.01,25.02,77.70,9,1177.00, 237.30ÿ
10/1/18,19:51:2,1,2,44.844589233, -123.275909423,0.00,239.00,77.70,9,1177.00, 237.30ÿ
10/1/18,19:51:7,1,2,44.844589233, -123.275909423,0.02,309.10,77.70,9,1162.00, 237.30ÿ
10/1/18,19:51:14,1,2,44.844589233, -123.275909423,0.02,111.04,77.70,9,1186.00, 237.30ÿ
10/1/18,19:51:19,1,2,44.844589233, -123.275909423,0.02,111.04,77.60,9,1177.00, 237.30ÿ
10/1/18,19:51:26,1,2,44.844589233, -123.275909423,0.03,152.23,77.60,9,1182.00, 237.30ÿ
10/1/18,19:51:31,1,2,44.844589233, -123.275909423,0.01,316.81,77.60,9,1167.00, 237.30ÿ
10/1/18,19:51:36,1,2,44.844581604, -123.275909423,0.01,139.67,77.60,9,1186.00, 237.30ÿ
10/1/18,19:51:43,1,2,44.844581604, -123.275909423,0.01,133.16,77.60,9,1167.00, 237.30ÿ
10/1/18,19:51:48,1,2,44.844581604, -123.275909423,0.02,165.49,77.60,9,1186.00, 237.30ÿ
10/1/18,19:51:55,1,2,44.844581604, -123.275909423,0.01,321.04,77.60,9,1162.00, 237.30ÿ
10/1/18,19:52:0,1,2,44.844581604, -123.275909423,0.01,321.04,77.60,9,1186.00, 237.30ÿ
10/1/18,19:52:7,1,2,44.844581604, -123.275909423,0.02,9.56,77.60,9,1186.00, 237.30ÿ
10/1/18,19:52:14,1,2,44.844581604, -123.275909423,0.02,9.56,77.60,9,1182.00, 237.30ÿ
10/1/18,19:52:20,1,2,44.844581604, -123.275909423,0.02,110.12,77.60,9,1182.00, 237.30ÿ
10/1/18,19:52:26,1,2,44.844581604, -123.275909423,0.02,159.32,77.60,9,1186.00, 237.30ÿ
10/1/18,19:52:32,1,2,44.844581604, -123.275909423,0.02,350.08,77.60,9,1186.00, 237.30ÿ
10/1/18,19:52:36,1,2,44.844581604, -123.275909423,0.00,40.86,77.60,9,1172.00, 237.30ÿ
10/1/18,19:52:43,1,2,44.844581604, -123.275909423,0.03,167.00,77.60,9,1167.00, 237.30ÿ
10/1/18,19:52:50,1,2,44.844581604, -123.275909423,0.01,60.65,77.60,9,1182.00, 237.30ÿ
10/1/18,19:52:56,1,2,44.844581604, -123.275909423,0.01,279.81,77.60,9,1182.00, 237.30ÿ
10/1/18,19:53:2,1,2,44.844581604, -123.275909423,0.02,314.08,77.60,9,1182.00, 237.30ÿ
10/1/18,19:53:7,1,2,44.844581604, -123.275909423,0.02,182.55,77.60,9,1167.00, 237.30ÿ
10/1/18,19:53:12,1,2,44.844581604, -123.275909423,0.00,314.58,77.60,9,1182.00, 237.30ÿ
10/1/18,19:53:20,1,2,44.844581604, -123.275909423,0.02,352.13,77.60,9,1182.00, 237.30ÿ
10/1/18,19:53:24,1,2,44.844581604, -123.275909423,0.02,98.50,77.60,9,1167.00, 237.30ÿ
10/1/18,19:53:36,1,2,44.844581604, -123.275909423,0.02,159.19,77.60,9,1182.00, 237.30ÿ
10/1/18,19:53:36,1,2,44.844581604, -123.275909423,0.02,111.94,77.60,9,1177.00, 237.30ÿ
10/1/18,19:53:44,1,2,44.844581604, -123.275909423,0.01,111.39,77.60,9,1182.00, 237.30ÿ
10/1/18,19:53:50,1,2,44.844581604, -123.275909423,0.01,337.35,77.50,9,1186.00, 237.30ÿ
10/1/18,19:53:55,1,2,44.844581604, -123.275909423,0.01,337.35,77.50,9,1182.00, 237.30ÿ
10/1/18,19:54:0,1,2,44.844581604, -123.275909423,0.02,84.36,77.50,9,1167.00, 237.30ÿ
10/1/18,19:54:7,1,2,44.844581604, -123.275909423,0.02,84.36,77.50,9,1177.00, 237.30ÿ
10/1/18,19:54:12,1,2,44.844581604, -123.275909423,0.02,69.94,77.60,9,1182.00, 237.30ÿ
10/1/18,19:54:20,1,2,44.844581604, -123.275909423,0.02,197.17,77.80,9,1177.00, 237.30ÿ
10/1/18,19:54:27,1,2,44.844581604, -123.275909423,0.01,247.96,77.80,9,1186.00, 237.30ÿ
10/1/18,19:54:32,1,2,44.844581604, -123.275909423,0.01,247.96,77.80,9,1186.00, 237.30ÿ
10/1/18,19:54:36,1,2,44.844581604, -123.275909423,0.02,355.05,77.70,9,1172.00, 237.30ÿ
10/1/18,19:54:43,1,2,44.844581604, -123.275909423,0.02,166.63,77.70,9,1182.00, 237.30ÿ
10/1/18,19:54:48,1,2,44.844581604, -123.275909423,0.02,352.85,77.70,9,1182.00, 237.30ÿ
10/1/18,19:54:55,1,2,44.844581604, -123.275909423,0.02,235.32,77.70,9,1162.00, 237.30ÿ
10/1/18,19:55:2,1,2,44.844581604, -123.275909423,0.02,349.46,77.70,9,1177.00, 237.30ÿ
10/1/18,19:55:7,1,2,44.844581604, -123.275909423,0.02,191.25,77.70,9,1167.00, 237.30ÿ
10/1/18,19:55:12,1,2,44.844581604, -123.275909423,0.02,191.25,77.80,9,1182.00, 237.30ÿ
10/1/18,19:55:20,1,2,44.844581604, -123.275909423,0.02,164.99,77.90,9,1182.00, 237.30ÿ
10/1/18,19:55:27,1,2,44.844581604, -123.275909423,0.01,143.14,77.90,9,1182.00, 237.30ÿ
10/1/18,19:55:32,1,2,44.844581604, -123.275909423,0.02,297.79,77.90,9,1182.00, 237.30ÿ
10/1/18,19:55:39,1,2,44.844581604, -123.275909423,0.02,300.50,77.90,9,1186.00, 237.30ÿ
10/1/18,19:55:43,1,2,44.844581604, -123.275909423,0.02,300.50,77.90,9,1182.00, 237.30ÿ
10/1/18,19:55:50,1,2,44.844581604, -123.275909423,0.01,342.89,77.90,9,1177.00, 237.30ÿ
10/1/18,19:55:55,1,2,44.844581604, -123.275909423,0.01,230.05,78.00,9,1162.00, 237.30ÿ
10/1/18,19:56:2,1,2,44.844581604, -123.275909423,0.00,277.22,78.00,9,1177.00, 237.30ÿ
10/1/18,19:56:8,1,2,44.844581604, -123.275909423,0.01,202.04,78.00,9,1177.00, 237.30ÿ
10/1/18,19:56:14,1,2,44.844581604, -123.275909423,0.03,2.60,77.90,9,1172.00, 237.30ÿ
10/1/18,19:56:20,1,2,44.844581604, -123.275909423,0.01,251.27,77.90,9,1177.00, 237.30ÿ
10/1/18,19:56:24,1,2,44.844581604, -123.275909423,0.02,43.15,77.90,9,1167.00, 237.30ÿ
10/1/18,19:56:31,1,2,44.844581604, -123.275909423,0.01,211.76,77.90,9,1182.00, 237.30ÿ
10/1/18,19:56:40,1,2,44.844581604, -123.275909423,0.02,26.09,77.90,9,1182.00, 237.30ÿ
10/1/18,19:56:43,1,2,44.844581604, -123.275909423,0.02,207.53,77.90,9,1177.00, 237.30ÿ
10/1/18,19:56:50,1,2,44.844581604, -123.275909423,0.00,71.26,77.90,9,1177.00, 237.30ÿ
10/1/18,19:56:56,1,2,44.844581604, -123.275909423,0.00,71.26,77.90,9,1182.00, 237.30ÿ
10/1/18,19:57:2,1,2,44.844581604, -123.275909423,0.01,130.29,77.90,9,1182.00, 237.30ÿ
10/1/18,19:57:8,1,2,44.844581604, -123.275909423,0.04,244.67,77.90,9,1177.00, 237.30ÿ
10/1/18,19:57:14,1,2,44.844581604, -123.275909423,0.04,261.64,77.90,9,1177.00, 237.30ÿ
10/1/18,19:57:20,1,2,44.844581604, -123.275909423,0.02,221.74,77.90,9,1177.00, 237.30ÿ
10/1/18,19:57:26,1,2,44.844581604, -123.275909423,0.04,176.40,77.90,9,1177.00, 237.30ÿ
10/1/18,19:57:31,1,2,44.844570159, -123.275909423,0.06,225.38,77.90,9,1182.00, 237.30ÿ
10/1/18,19:57:36,1,2,44.844570159, -123.275909423,0.06,225.38,77.90,9,1182.00, 237.30ÿ
10/1/18,19:57:44,1,2,44.844570159, -123.275909423,0.09,208.07,77.90,9,1182.00, 237.30ÿ
10/1/18,19:57:50,1,2,44.844570159, -123.275909423,0.02,16.44,77.90,9,1177.00, 237.30ÿ
10/1/18,19:57:56,1,2,44.844570159, -123.275909423,0.02,252.56,77.90,9,1177.00, 237.30ÿ
10/1/18,19:58:2,1,2,44.844570159, -123.275909423,0.02,252.56,77.90,9,1171.00, 237.30ÿ
10/1/18,19:58:8,1,2,44.844570159, -123.275909423,0.01,210.25,77.90,9,1182.00, 237.30ÿ
10/1/18,19:58:14,1,2,44.844570159, -123.275909423,0.01,210.25,77.90,9,1177.00, 237.30ÿ
10/1/18,19:58:19,1,2,44.844570159, -123.275909423,0.03,176.67,77.90,9,1182.00, 237.30ÿ
10/1/18,19:58:24,1,2,44.844570159, -123.275909423,0.02,124.07,77.90,9,1167.00, 237.30ÿ
10/1/18,19:58:31,1,2,44.844570159, -123.275909423,0.02,83.49,77.90,9,1182.00, 237.30ÿ
10/1/18,19:58:36,1,2,44.844570159, -123.275909423,0.01,94.35,77.90,9,1177.00, 237.30ÿ
10/1/18,19:58:44,1,2,44.844570159, -123.275909423,0.01,94.35,77.90,9,1182.00, 237.30ÿ
10/1/18,19:58:51,1,2,44.844570159, -123.275909423,0.02,230.70,77.90,9,1182.00, 237.30ÿ
10/1/18,19:58:55,1,2,44.844570159, -123.275909423,0.01,257.39,77.90,9,1167.00, 237.30ÿ
10/1/18,19:59:3,1,2,44.844570159, -123.275909423,0.01,121.15,77.90,9,1177.00, 237.30ÿ
10/1/18,19:59:8,1,2,44.844570159, -123.275909423,0.01,84.70,77.80,9,1177.00,32ÿÿÿÿÿ
10/1/18,19:59:16,1,2,44.844570159, -123.275909423,0.03,91.22,77.80,9,1182.00, 247.86
10/1/18,19:59:19,1,2,44.844570159, -123.275909423,0.05,274.70,77.80,9,1167.00, 188.14
10/1/18,19:59:26,1,2,44.844570159, -123.275909423,0.05,274.70,77.80,9,1176.00,ÿÿÿÿÿÿÿ
10/1/18,19:59:31,1,2,44.844570159, -123.275909423,0.05,61.77,77.80,9,1172.00, 108.79
10/1/18,19:59:38,1,2,44.844570159, -123.275909423,0.10,255.62,77.80,9,1177.00, 130.04
10/1/18,19:59:43,1,2,44.844570159, -123.275909423,0.10,240.85,77.80,9,1182.00, 180.38
10/1/18,19:59:50,1,2,44.844581604, -123.275878906,1.30,66.54,78.10,9,1182.00, 150.00
10/1/18,19:59:56,1,2,44.844612121, -123.275863647,1.30,66.54,78.00,9,1186.00, 352.22
10/1/18,20:0:0,1,2,44.844627380, -123.275863647,0.84,355.61,78.10,9,1186.00, 379.74
10/1/18,20:0:8,1,2,44.844654083, -123.275894165,1.16,310.67,77.80,9,1186.00, 409.45
10/1/18,20:0:14,1,2,44.844654083, -123.275909423,1.04,274.12,77.60,9,1167.00, 404.40ÿ
10/1/18,20:0:20,1,2,44.844646453, -123.275978088,1.37,254.66,77.40,9,1186.00, 336.06
10/1/18,20:0:26,1,2,44.844654083, -123.276039123,1.69,277.23,77.40,9,1167.00,36.75
10/1/18,20:0:34,1,2,44.844669342, -123.276168823,2.28,277.88,77.40,9,1191.00, 219.42
10/1/18,20:0:38,1,2,44.844676971, -123.276222229,2.28,280.39,77.60,9,1177.00, 176.19
10/1/18,20:0:43,1,2,44.844676971, -123.276298522,2.42,275.73,77.70,9,1191.00, 127.5
10/1/18,20:0:51,1,2,44.844684600, -123.276412963,2.28,276.34,78.00,9,1201.00,  56.09
10/1/18,20:0:56,1,2,44.844676971, -123.276496887,2.28,276.34,78.30,9,1191.00,  77.14
10/1/18,20:1:2,1,2,44.844676971, -123.276512145,1.41,272.44,78.70,9,1196.00,  17.
10/1/18,20:1:8,1,2,44.844684600, -123.276512145,0.16,298.02,78.80,9,1201.00,  10.95
10/1/18,20:1:15,1,2,44.844692230, -123.276527404,0.16,298.02,78.90,9,1191.00,- 23.84
10/1/18,20:1:20,1,2,44.844692230, -123.276542663,0.54,289.63,78.90,9,1201.00,- 75.50
10/1/18,20:1:26,1,2,44.844692230, -123.276565551,0.45,296.54,79.20,9,1181.00,- 48.63
10/1/18,20:1:32,1,2,44.844684600, -123.276565551,0.55,249.84,79.40,9,1196.00,  18.99
10/1/18,20:1:38,1,2,44.844684600, -123.276611328,0.55,249.84,79.50,9,1201.00,-  0.5
10/1/18,20:1:44,1,2,44.844676971, -123.276641845,0.66,274.01,79.60,9,1177.00,  56.94
10/1/18,20:1:52,1,2,44.844703674, -123.276657104,0.62,301.66,79.70,9,1201.00,  14.76
10/1/18,20:1:55,1,2,44.844703674, -123.276657104,0.24,73.88,79.80,9,1176.00,  54.06
10/1/18,20:2:2,1,2,44.844703674, -123.276626586,0.24,73.88,79.80,9,1196.00,  77.48
10/1/18,20:2:10,1,2,44.844703674, -123.276611328,0.37,259.99,79.90,9,1201.00,  37.26
10/1/18,20:2:15,1,2,44.844703674, -123.276626586,0.37,259.99,79.90,9,1196.00,4 113.
10/1/18,20:2:20,1,2,44.844692230, -123.276641845,0.61,258.86,79.90,9,1196.00,.77  
10/1/18,20:2:27,1,2,44.844692230, -123.276679992,0.45,256.49,80.20,9,1196.00,  81.17
10/1/18,20:2:32,1,2,44.844692230, -123.276679992,0.16,327.80,80.40,9,1186.00,  76.02
10/1/18,20:2:39,1,2,44.844684600, -123.276641845,0.60,121.66,80.50,9,1201.00,  72.26
10/1/18,20:2:44,1,2,44.844684600, -123.276626586,0.60,121.66,80.60,9,1196.00,120.99
10/1/18,20:2:50,1,2,44.844684600, -123.276611328,0.58,91.69,80.60,9,1176.00,   7.90
10/1/18,20:2:56,1,2,44.844676971, -123.276611328,0.51,257.86,80.60,9,1182.00, 104.44
10/1/18,20:3:2,1,2,44.844684600, -123.276641845,0.57,283.40,80.90,9,1201.00,  99.65
10/1/18,20:3:7,1,2,44.844684600, -123.276657104,0.91,286.18,81.00,9,1206.00,  58.41
10/1/18,20:3:15,1,2,44.844684600, -123.276679992,0.14,329.42,81.20,9,1201.00, 110.35
10/1/18,20:3:20,1,2,44.844684600, -123.276679992,0.69,86.33,81.20,9,1206.00, 125.65
10/1/18,20:3:26,1,2,44.844692230, -123.276626586,0.88,84.18,81.40,9,1191.00, 192.62
10/1/18,20:3:32,1,2,44.844684600, -123.276626586,0.68,81.41,81.60,9,1211.00, 220.42
10/1/18,20:3:38,1,2,44.844676971, -123.276641845,0.43,257.13,81.70,9,1191.00, 146.03
10/1/18,20:3:44,1,2,44.844684600, -123.276679992,0.78,287.45,81.70,9,1206.00, 101.72
10/1/18,20:3:51,1,2,44.844684600, -123.276710510,0.38,245.27,81.70,9,1216.00, 152.42
10/1/18,20:3:56,1,2,44.844711303, -123.276710510,0.38,245.27,77.00,10,1210.00, 145.52
10/1/18,20:4:2,1,2,44.844703674, -123.276679992,0.69,87.68,80.70,9,1201.00,  98.15
10/1/18,20:4:8,1,2,44.844703674, -123.276626586,0.69,87.68,81.10,9,1201.00,  95.97
10/1/18,20:4:14,1,2,44.844703674, -123.276626586,0.57,62.30,81.00,9,1210.00, 107.30
10/1/18,20:4:20,1,2,44.844684600, -123.276641845,0.33,279.71,81.30,9,1210.00,  68.48
10/1/18,20:4:26,1,2,44.844676971, -123.276657104,0.64,267.10,81.50,9,1186.00,ÿÿÿÿÿÿÿ
10/1/18,20:4:32,1,2,44.844684600, -123.276695251,0.63,293.60,81.70,9,1210.00, 120.12
10/1/18,20:4:38,1,2,44.844692230, -123.276710510,0.18,348.67,81.70,9,1215.00, 105.09
10/1/18,20:4:44,1,2,44.844703674, -123.276695251,0.37,23.80,81.60,8,1196.00,  95.31
10/1/18,20:4:50,1,2,44.844711303, -123.276695251,0.37,23.80,81.70,9,1216.00, 145.35
10/1/18,20:4:56,1,2,44.844711303, -123.276641845,0.97,89.86,81.80,9,1191.00, 167.68
10/1/18,20:5:7,1,2,44.844711303, -123.276580810,0.93,71.55,81.50,9,1225.00, 102.54
10/1/18,20:5:8,1,2,44.844711303, -123.276580810,0.93,71.55,81.60,9,1191.00,  68.96
10/1/18,20:5:14,1,2,44.844711303, -123.276596069,0.42,262.62,81.70,9,1215.00, 193.50
10/1/18,20:5:20,1,2,44.844703674, -123.276626586,0.42,262.62,81.90,9,1211.00, 205.39
10/1/18,20:5:28,1,2,44.844703674, -123.276657104,0.63,261.50,81.90,9,1220.00, 139.60
10/1/18,20:5:32,1,2,44.844692230, -123.276679992,0.78,245.76,82.30,9,1216.00, 133.24.
10/1/18,20:5:40,1,2,44.844692230, -123.276710510,0.65,257.72,82.20,9,1220.00, 154.960